ENSPPERNIT000008	TAA	0
ENSPPERNIT000036	TGA	0
ENSPPERNIT000073	TGA	0
ENSPPERNIT000215	TGA	0
ENSPPERNIT000263	TGA	0
ENSPPERNIT000266	TAG	0
ENSPPERNIT000286	TAG	0
ENSPPERNIT000287	TAA	0
ENSPPERNIT000299	TGA	0
ENSPPERNIT000331	TAG	0
ENSPPERNIT000332	TAG	0
ENSPPERNIT000389	TAG	0
ENSPPERNIT000423	TAA	0
ENSPPERNIT000430	TAA	0
ENSPPERNIT000440	TAA	0
ENSPPERNIT000452	TAA	0
ENSPPERNIT000454	TAA	0
ENSPPERNIT000455	TAA	0
ENSPPERNIT000546	TAA	0
ENSPPERNIT000581	TAA	0
ENSPPERNIT000599	TAA	0
ENSPPERNIT000610	TGA	0
ENSPPERNIT000616	TAA	0
ENSPPERNIT000778	TGA	0
ENSPPERNIT000788	TAG	0
ENSPPERNIT000803	TAA	0
ENSPPERNIT000848	TGA	0
ENSPPERNIT000936	TAA	0
ENSPPERNIT000993	TGA	0
ENSPPERNIT001051	TGA	0
ENSPPERNIT001113	TAA	0
ENSPPERNIT001142	TAG	0
ENSPPERNIT001156	TGA	0
ENSPPERNIT001201	TGA	0
ENSPPERNIT001244	TGA	0
ENSPPERNIT001280	TAG	0
ENSPPERNIT001287	TAG	0
ENSPPERNIT001324	TGA	0
ENSPPERNIT001326	TAA	0
ENSPPERNIT001360	TGA	0
ENSPPERNIT001372	TAA	0
ENSPPERNIT001481	TAA	0
ENSPPERNIT001562	TAA	0
ENSPPERNIT001588	TGA	0
ENSPPERNIT001598	TGA	0
ENSPPERNIT001635	TGA	0
ENSPPERNIT001659	TGA	0
ENSPPERNIT001694	TAA	0
ENSPPERNIT001702	TGA	0
ENSPPERNIT001853	TAA	0
ENSPPERNIT001875	TAA	0
ENSPPERNIT001906	TGA	0
ENSPPERNIT001918	TAA	0
ENSPPERNIT001952	TGA	0
ENSPPERNIT002006	TGA	0
ENSPPERNIT002049	TAG	0
ENSPPERNIT002067	TAG	0
ENSPPERNIT002119	TGA	0
ENSPPERNIT002131	TAA	0
ENSPPERNIT002132	TAA	0
ENSPPERNIT002148	TAA	0
ENSPPERNIT002156	TAA	0
ENSPPERNIT002216	TGA	0
ENSPPERNIT002247	TGA	0
ENSPPERNIT002278	TGA	0
ENSPPERNIT002281	TGA	0
ENSPPERNIT002309	TAA	0
ENSPPERNIT002382	TGA	0
ENSPPERNIT002393	TAA	0
ENSPPERNIT002417	TAA	0
ENSPPERNIT002421	TAA	0
ENSPPERNIT002434	TGA	0
ENSPPERNIT002460	TGA	0
ENSPPERNIT002475	TAA	0
ENSPPERNIT002484	TAA	0
ENSPPERNIT002487	TGA	0
ENSPPERNIT002493	TGA	0
ENSPPERNIT002494	TGA	0
ENSPPERNIT002502	TAG	0
ENSPPERNIT002525	TGA	0
ENSPPERNIT002621	TAA	0
ENSPPERNIT002664	TAG	0
ENSPPERNIT002718	TAA	0
ENSPPERNIT002807	TGA	0
ENSPPERNIT002826	TAG	0
ENSPPERNIT002844	TAA	0
ENSPPERNIT002852	TGA	0
ENSPPERNIT002894	TAA	0
ENSPPERNIT002896	TAA	0
ENSPPERNIT002907	TAA	0
ENSPPERNIT002910	TAG	0
ENSPPERNIT002936	TAA	0
ENSPPERNIT002966	TGA	0
ENSPPERNIT002996	TGA	0
ENSPPERNIT003010	TAA	0
ENSPPERNIT003012	TGA	0
ENSPPERNIT003042	TAG	0
ENSPPERNIT003066	TAA	0
ENSPPERNIT003080	TAA	0
ENSPPERNIT003283	TGA	0
ENSPPERNIT003288	TAA	0
ENSPPERNIT003292	TAA	0
ENSPPERNIT003312	TAA	0
ENSPPERNIT003383	TGA	0
ENSPPERNIT003384	TGA	0
ENSPPERNIT003392	TAA	0
ENSPPERNIT003439	TAG	0
ENSPPERNIT003521	TGA	0
ENSPPERNIT003556	TAA	0
ENSPPERNIT003561	TAA	0
ENSPPERNIT003602	TAG	0
ENSPPERNIT003637	TAA	0
ENSPPERNIT003638	TAG	0
ENSPPERNIT003643	TAA	0
ENSPPERNIT003645	TAA	0
ENSPPERNIT003756	TGA	0
ENSPPERNIT003801	TAA	0
ENSPPERNIT003826	TGA	0
ENSPPERNIT003836	TAG	0
ENSPPERNIT003845	TAA	0
ENSPPERNIT003849	TAG	0
ENSPPERNIT003909	TGA	0
ENSPPERNIT003937	TAG	0
ENSPPERNIT003946	TGA	0
ENSPPERNIT004069	TGA	0
ENSPPERNIT004080	TGA	0
ENSPPERNIT004082	TAA	0
ENSPPERNIT004083	TAA	0
ENSPPERNIT004091	TAA	0
ENSPPERNIT004097	TAA	0
ENSPPERNIT004141	TAA	0
ENSPPERNIT004275	TGA	0
ENSPPERNIT004316	TAA	0
ENSPPERNIT004322	TGA	0
ENSPPERNIT004324	TGA	0
ENSPPERNIT004376	TAA	0
ENSPPERNIT004411	TGA	0
ENSPPERNIT004425	TAG	0
ENSPPERNIT004505	TGA	0
ENSPPERNIT004517	TAG	0
ENSPPERNIT004551	TGA	0
ENSPPERNIT004714	TAA	0
ENSPPERNIT004730	TGA	0
ENSPPERNIT004737	TGA	0
ENSPPERNIT004746	TAG	0
ENSPPERNIT004767	TGA	0
ENSPPERNIT004774	TGA	0
ENSPPERNIT004779	TAG	0
ENSPPERNIT004813	TGA	0
ENSPPERNIT004863	TGA	0
ENSPPERNIT004870	TGA	0
ENSPPERNIT004877	TAG	0
ENSPPERNIT004897	TGA	0
ENSPPERNIT004900	TGA	0
ENSPPERNIT004927	TGA	0
ENSPPERNIT004968	TAA	0
ENSPPERNIT005001	TGA	0
ENSPPERNIT005004	TGA	0
ENSPPERNIT005037	TGA	0
ENSPPERNIT005040	TAA	0
ENSPPERNIT005098	TGA	0
ENSPPERNIT005162	TGA	0
ENSPPERNIT005169	TAA	0
ENSPPERNIT005176	TAA	0
ENSPPERNIT005228	TGA	0
ENSPPERNIT005240	TAG	0
ENSPPERNIT005270	TGA	0
ENSPPERNIT005292	TGA	0
ENSPPERNIT005296	TGA	0
ENSPPERNIT005299	TGA	0
ENSPPERNIT005311	TAA	0
ENSPPERNIT005314	TAG	0
ENSPPERNIT005340	TAG	0
ENSPPERNIT005341	TAA	0
ENSPPERNIT005348	TAA	0
ENSPPERNIT005349	TAG	0
ENSPPERNIT005401	TAG	0
ENSPPERNIT005405	TAA	0
ENSPPERNIT005410	TAA	0
ENSPPERNIT005424	TAA	0
ENSPPERNIT005459	TAA	0
ENSPPERNIT005486	TGA	0
ENSPPERNIT005533	TGA	0
ENSPPERNIT005540	TGA	0
ENSPPERNIT005556	TAA	0
ENSPPERNIT005627	TGA	0
ENSPPERNIT005628	TAA	0
ENSPPERNIT005630	TGA	0
ENSPPERNIT005665	TAG	0
ENSPPERNIT005686	TGA	0
ENSPPERNIT005705	TAG	0
ENSPPERNIT005747	TAA	0
ENSPPERNIT005795	TAG	0
ENSPPERNIT005811	TGA	0
ENSPPERNIT005933	TAA	0
ENSPPERNIT005991	TAG	0
ENSPPERNIT006017	TGA	0
ENSPPERNIT006052	TAA	0
ENSPPERNIT006056	TGA	0
ENSPPERNIT006058	TAA	0
ENSPPERNIT006076	TAA	0
ENSPPERNIT006091	TGA	0
ENSPPERNIT006113	TAA	0
ENSPPERNIT006132	TGA	0
ENSPPERNIT006141	TAA	0
ENSPPERNIT006214	TAG	0
ENSPPERNIT006228	TAA	0
ENSPPERNIT006233	TAA	0
ENSPPERNIT006246	TGA	0
ENSPPERNIT006275	TAG	0
ENSPPERNIT006286	TAA	0
ENSPPERNIT006321	TAA	0
ENSPPERNIT006339	TAG	0
ENSPPERNIT006349	TAA	0
ENSPPERNIT006351	TAG	0
ENSPPERNIT006382	TGA	0
ENSPPERNIT006383	TAA	0
ENSPPERNIT006400	TAA	0
ENSPPERNIT006442	TGA	0
ENSPPERNIT006461	TAA	0
ENSPPERNIT006463	TAA	0
ENSPPERNIT006469	TAG	0
ENSPPERNIT006489	TAA	0
ENSPPERNIT006511	TAA	0
ENSPPERNIT006581	TGA	0
ENSPPERNIT006583	TGA	0
ENSPPERNIT006590	TGA	0
ENSPPERNIT006596	TAA	0
ENSPPERNIT006618	TGA	0
ENSPPERNIT006629	TGA	0
ENSPPERNIT006632	TGA	0
ENSPPERNIT006650	TAA	0
ENSPPERNIT006656	TGA	0
ENSPPERNIT006666	TAA	0
ENSPPERNIT006667	TAA	0
ENSPPERNIT006698	TAA	0
ENSPPERNIT006706	TAA	0
ENSPPERNIT006713	TAA	0
ENSPPERNIT006755	TGA	0
ENSPPERNIT006779	TAG	0
ENSPPERNIT006830	TAA	0
ENSPPERNIT006843	TGA	0
ENSPPERNIT006846	TAA	0
ENSPPERNIT006901	TGA	0
ENSPPERNIT006908	TGA	0
ENSPPERNIT006957	TAG	0
ENSPPERNIT006958	TAG	0
ENSPPERNIT006965	TAG	0
ENSPPERNIT006981	TAA	0
ENSPPERNIT007013	TAG	0
ENSPPERNIT007021	TAA	0
ENSPPERNIT007072	TAG	0
ENSPPERNIT007126	TGA	0
ENSPPERNIT007132	TAA	0
ENSPPERNIT007162	TGA	0
ENSPPERNIT007163	TGA	0
ENSPPERNIT007184	TAA	0
ENSPPERNIT007191	TAG	0
ENSPPERNIT007235	TGA	0
ENSPPERNIT007244	TGA	0
ENSPPERNIT007264	TAG	0
ENSPPERNIT007290	TGA	0
ENSPPERNIT007343	TAG	0
ENSPPERNIT007359	TAA	0
ENSPPERNIT007361	TAA	0
ENSPPERNIT007402	TAA	0
ENSPPERNIT007407	TGA	0
ENSPPERNIT007412	TGA	0
ENSPPERNIT007485	TAG	0
ENSPPERNIT007502	TGA	0
ENSPPERNIT007563	TAA	0
ENSPPERNIT007626	TAA	0
ENSPPERNIT007686	TAA	0
ENSPPERNIT007688	TAA	0
ENSPPERNIT007706	TAA	0
ENSPPERNIT007740	TAA	0
ENSPPERNIT007742	TGA	0
ENSPPERNIT007794	TGA	0
ENSPPERNIT007830	TAG	0
ENSPPERNIT002537	TAA	2
ENSPPERNIT006951	TGA	2
ENSPPERNIT006968	TAG	2
ENSPPERNIT005189	TAA	10
ENSPPERNIT005186	TAA	2
ENSPPERNIT005175	TAA	53
ENSPPERNIT005174	TGA	1681
ENSPPERNIT005179	TAA	141
ENSPPERNIT005171	TGA	70
ENSPPERNIT005430	TGA	27
ENSPPERNIT005432	TAA	67
ENSPPERNIT005433	TAA	74
ENSPPERNIT004530	TGA	5
ENSPPERNIT002857	TAA	2
ENSPPERNIT005640	TAA	16
ENSPPERNIT005648	TAA	101
ENSPPERNIT001780	TGA	19
ENSPPERNIT001899	TAG	9
ENSPPERNIT001721	TAA	2
ENSPPERNIT001770	TGA	215
ENSPPERNIT001720	TAG	127
ENSPPERNIT004439	TGA	6
ENSPPERNIT003763	TAG	94
ENSPPERNIT003765	TGA	221
ENSPPERNIT002641	TAA	2
ENSPPERNIT002643	TAG	1
ENSPPERNIT002667	TAA	79
ENSPPERNIT002640	TAA	2
ENSPPERNIT000668	TGA	2
ENSPPERNIT000664	TGA	189
ENSPPERNIT000040	TGA	43
ENSPPERNIT000032	TGA	11
ENSPPERNIT000862	TAG	24
ENSPPERNIT000867	TAA	386
ENSPPERNIT000833	TAA	108
ENSPPERNIT005096	TAA	182
ENSPPERNIT005605	TAA	2
ENSPPERNIT005600	TGA	1
ENSPPERNIT004887	TAG	97
ENSPPERNIT004885	TGA	97
ENSPPERNIT004890	TAG	25
ENSPPERNIT005514	TGA	401
ENSPPERNIT002799	TAG	362
ENSPPERNIT002735	TAG	454
ENSPPERNIT002721	TAA	2
ENSPPERNIT003022	TAG	4
ENSPPERNIT007373	TGA	2
ENSPPERNIT007368	TAA	43
ENSPPERNIT007375	TAG	17
ENSPPERNIT007380	TGA	16
ENSPPERNIT002231	TAA	182
ENSPPERNIT002229	TAA	2
ENSPPERNIT002236	TAA	16
ENSPPERNIT002256	TAA	4
ENSPPERNIT002244	TAA	4
ENSPPERNIT002270	TAA	4
ENSPPERNIT004206	TAA	80
ENSPPERNIT004209	TGA	80
ENSPPERNIT004188	TAA	260
ENSPPERNIT003494	TAA	87
ENSPPERNIT003550	TAA	240
ENSPPERNIT003507	TAA	316
ENSPPERNIT004199	TGA	19
ENSPPERNIT001049	TAA	2
ENSPPERNIT001046	TAA	1
ENSPPERNIT001044	TAG	1060
ENSPPERNIT006369	TGA	129
ENSPPERNIT006399	TAA	155
ENSPPERNIT006331	TAA	36
ENSPPERNIT002828	TGA	84
ENSPPERNIT002855	TAG	20
ENSPPERNIT000938	TAA	12
ENSPPERNIT000947	TAG	2
ENSPPERNIT005163	TGA	234
ENSPPERNIT005151	TAA	659
ENSPPERNIT003020	TGA	2
ENSPPERNIT001265	TAA	187
ENSPPERNIT001245	TGA	250
ENSPPERNIT001987	TAG	45
ENSPPERNIT006621	TAA	2
ENSPPERNIT001234	TAA	262
ENSPPERNIT001980	TAA	53
ENSPPERNIT004428	TGA	246
ENSPPERNIT004549	TGA	568
ENSPPERNIT004554	TAG	88
ENSPPERNIT004553	TAA	8
ENSPPERNIT004431	TGA	2
ENSPPERNIT003751	TGA	1
ENSPPERNIT004741	TAA	2
ENSPPERNIT001786	TAA	2
ENSPPERNIT001750	TAA	2
ENSPPERNIT001749	TAG	1
ENSPPERNIT001752	TAA	103
ENSPPERNIT001758	TAA	11
ENSPPERNIT001743	TAA	5
ENSPPERNIT002178	TGA	14
ENSPPERNIT002175	TGA	178
ENSPPERNIT002181	TGA	221
ENSPPERNIT002171	TAA	2
ENSPPERNIT002180	TAA	15
ENSPPERNIT006881	TGA	2
ENSPPERNIT004739	TGA	52
ENSPPERNIT005234	TGA	2
ENSPPERNIT005247	TAA	753
ENSPPERNIT005227	TGA	3
ENSPPERNIT005225	TGA	2
ENSPPERNIT004462	TAG	89
ENSPPERNIT004467	TGA	116
ENSPPERNIT004468	TGA	61
ENSPPERNIT001386	TAA	115
ENSPPERNIT001329	TAA	47
ENSPPERNIT001350	TAA	115
ENSPPERNIT002304	TAA	307
ENSPPERNIT004107	TGA	63
ENSPPERNIT004101	TAG	274
ENSPPERNIT004104	TGA	20
ENSPPERNIT004105	TGA	81
ENSPPERNIT004094	TAG	2
ENSPPERNIT004093	TGA	50
ENSPPERNIT004106	TGA	17
ENSPPERNIT001902	TGA	267
ENSPPERNIT000811	TAA	195
ENSPPERNIT000806	TAA	73
ENSPPERNIT000802	TAA	142
ENSPPERNIT000823	TAG	237
ENSPPERNIT000886	TAA	1151
ENSPPERNIT002428	TGA	78
ENSPPERNIT002287	TGA	71
ENSPPERNIT005580	TAA	60
ENSPPERNIT005585	TGA	2
ENSPPERNIT007411	TAA	2
ENSPPERNIT005612	TGA	14
ENSPPERNIT006011	TGA	188
ENSPPERNIT006002	TGA	57
ENSPPERNIT006000	TGA	5
ENSPPERNIT006006	TAG	2
ENSPPERNIT001582	TAA	47
ENSPPERNIT001589	TGA	17
ENSPPERNIT001573	TGA	76
ENSPPERNIT001571	TAA	2
ENSPPERNIT004201	TAG	69
ENSPPERNIT007085	TGA	1
ENSPPERNIT006912	TGA	4
ENSPPERNIT006926	TAA	2
ENSPPERNIT007353	TGA	1
ENSPPERNIT002301	TAA	113
ENSPPERNIT002248	TAG	131
ENSPPERNIT002257	TAA	2
ENSPPERNIT002260	TAG	2
ENSPPERNIT003524	TAG	2
ENSPPERNIT004166	TGA	15
ENSPPERNIT003551	TAA	2
ENSPPERNIT002594	TAA	10
ENSPPERNIT006743	TGA	239
ENSPPERNIT001533	TAA	2
ENSPPERNIT001066	TAA	2
ENSPPERNIT001451	TGA	625
ENSPPERNIT006215	TAG	59
ENSPPERNIT003261	TAA	74
ENSPPERNIT003268	TGA	38
ENSPPERNIT003259	TGA	93
ENSPPERNIT003260	TGA	1000
ENSPPERNIT002984	TAA	2
ENSPPERNIT002953	TAG	1
ENSPPERNIT002965	TAA	87
ENSPPERNIT000396	TGA	1
ENSPPERNIT000410	TGA	1
ENSPPERNIT000407	TAA	446
ENSPPERNIT000419	TGA	1
ENSPPERNIT005214	TAA	2
ENSPPERNIT006722	TAA	207
ENSPPERNIT001962	TGA	48
ENSPPERNIT001948	TAG	2
ENSPPERNIT001964	TAA	6
ENSPPERNIT001045	TAA	2
ENSPPERNIT004580	TAA	2
ENSPPERNIT004579	TGA	1
ENSPPERNIT004577	TAA	2
ENSPPERNIT004574	TAG	2
ENSPPERNIT004573	TAG	39
ENSPPERNIT006423	TGA	84
ENSPPERNIT001043	TAA	2
ENSPPERNIT006422	TAG	4
ENSPPERNIT006427	TGA	459
ENSPPERNIT001818	TAG	2
ENSPPERNIT001772	TGA	8
ENSPPERNIT001769	TGA	6
ENSPPERNIT006725	TAG	150
ENSPPERNIT003193	TAA	929
ENSPPERNIT003748	TGA	2
ENSPPERNIT006018	TGA	2
ENSPPERNIT003156	TAG	2
ENSPPERNIT006216	TGA	422
ENSPPERNIT006014	TAA	263
ENSPPERNIT006248	TAA	11
ENSPPERNIT006231	TGA	11
ENSPPERNIT006738	TAA	139
ENSPPERNIT004413	TGA	226
ENSPPERNIT004408	TGA	164
ENSPPERNIT002323	TGA	224
ENSPPERNIT003674	TGA	267
ENSPPERNIT007601	TAG	69
ENSPPERNIT001013	TAA	2
ENSPPERNIT000614	TAG	91
ENSPPERNIT001016	TGA	135
ENSPPERNIT000994	TGA	62
ENSPPERNIT001033	TAG	68
ENSPPERNIT000884	TAG	23
ENSPPERNIT000874	TAA	7
ENSPPERNIT000092	TAA	3
ENSPPERNIT000080	TAA	137
ENSPPERNIT000077	TGA	32
ENSPPERNIT000082	TAA	39
ENSPPERNIT003596	TAG	840
ENSPPERNIT001690	TAA	2
ENSPPERNIT005561	TAA	2
ENSPPERNIT005555	TAA	82
ENSPPERNIT005553	TAA	2
ENSPPERNIT005545	TGA	296
ENSPPERNIT005981	TAG	1
ENSPPERNIT005979	TGA	149
ENSPPERNIT000817	TGA	2
ENSPPERNIT004533	TAA	40
ENSPPERNIT006594	TGA	1
ENSPPERNIT006586	TGA	35
ENSPPERNIT006582	TAA	44
ENSPPERNIT000028	TGA	442
ENSPPERNIT004920	TGA	4
ENSPPERNIT004207	TAA	78
ENSPPERNIT005361	TAG	101
ENSPPERNIT002202	TAA	1
ENSPPERNIT002211	TGA	26
ENSPPERNIT005904	TAA	35
ENSPPERNIT002203	TGA	2
ENSPPERNIT002194	TGA	368
ENSPPERNIT002213	TAA	48
ENSPPERNIT002204	TAA	338
ENSPPERNIT007158	TGA	568
ENSPPERNIT006517	TAA	2
ENSPPERNIT004055	TGA	1
ENSPPERNIT006518	TAG	2
ENSPPERNIT003541	TAA	248
ENSPPERNIT007108	TGA	52
ENSPPERNIT003546	TAA	110
ENSPPERNIT003558	TAA	110
ENSPPERNIT003595	TAG	110
ENSPPERNIT003549	TAA	2
ENSPPERNIT007156	TAA	39
ENSPPERNIT004053	TGA	1
ENSPPERNIT001114	TAA	5
ENSPPERNIT005400	TGA	120
ENSPPERNIT003308	TAG	3
ENSPPERNIT003295	TGA	59
ENSPPERNIT006763	TAA	70
ENSPPERNIT003359	TAG	2
ENSPPERNIT003281	TAA	89
ENSPPERNIT003278	TAA	3
ENSPPERNIT003277	TGA	2
ENSPPERNIT002604	TGA	7
ENSPPERNIT007001	TGA	9
ENSPPERNIT006995	TGA	9
ENSPPERNIT000386	TGA	2
ENSPPERNIT000391	TAG	23
ENSPPERNIT004812	TGA	1
ENSPPERNIT005088	TGA	2
ENSPPERNIT004596	TGA	2
ENSPPERNIT004595	TGA	2
ENSPPERNIT006408	TGA	83
ENSPPERNIT004592	TAG	3
ENSPPERNIT005083	TAA	1
ENSPPERNIT006401	TAG	1
ENSPPERNIT006386	TGA	78
ENSPPERNIT006395	TAG	2
ENSPPERNIT002992	TAA	10
ENSPPERNIT002991	TAA	15
ENSPPERNIT002342	TAA	46
ENSPPERNIT002341	TAA	65
ENSPPERNIT003722	TGA	394
ENSPPERNIT003711	TAG	197
ENSPPERNIT000636	TAG	1
ENSPPERNIT000639	TAG	46
ENSPPERNIT000845	TGA	48
ENSPPERNIT006220	TGA	6
ENSPPERNIT006218	TGA	6
ENSPPERNIT005082	TGA	13
ENSPPERNIT005072	TAA	13
ENSPPERNIT005070	TGA	75
ENSPPERNIT005062	TAG	549
ENSPPERNIT005050	TAG	1
ENSPPERNIT005055	TAA	512
ENSPPERNIT006561	TGA	2
ENSPPERNIT006554	TAA	195
ENSPPERNIT006549	TGA	7
ENSPPERNIT006547	TAA	1
ENSPPERNIT004964	TAA	652
ENSPPERNIT004972	TGA	9
ENSPPERNIT005958	TGA	2
ENSPPERNIT005972	TAA	11
ENSPPERNIT005964	TAG	6
ENSPPERNIT005880	TAA	2
ENSPPERNIT005881	TAA	179
ENSPPERNIT001402	TAA	2
ENSPPERNIT007299	TGA	12
ENSPPERNIT006605	TAA	34
ENSPPERNIT006617	TGA	21
ENSPPERNIT002655	TGA	2
ENSPPERNIT006601	TAA	2
ENSPPERNIT003573	TGA	14
ENSPPERNIT003571	TAG	349
ENSPPERNIT006394	TAA	2
ENSPPERNIT006291	TAA	1
ENSPPERNIT002787	TAA	84
ENSPPERNIT005384	TGA	308
ENSPPERNIT003305	TAA	7
ENSPPERNIT003299	TAA	15
ENSPPERNIT003316	TGA	123
ENSPPERNIT003307	TAA	123
ENSPPERNIT003328	TAA	123
ENSPPERNIT003319	TGA	133
ENSPPERNIT000676	TGA	1
ENSPPERNIT000357	TGA	1
ENSPPERNIT000363	TGA	69
ENSPPERNIT003398	TAA	164
ENSPPERNIT001761	TAA	110
ENSPPERNIT006626	TGA	2
ENSPPERNIT002739	TAA	375
ENSPPERNIT003048	TAA	187
ENSPPERNIT003024	TGA	426
ENSPPERNIT004794	TGA	69
ENSPPERNIT005344	TAA	17
ENSPPERNIT002008	TAG	7
ENSPPERNIT005345	TAA	1
ENSPPERNIT001996	TAA	1
ENSPPERNIT004620	TGA	72
ENSPPERNIT004614	TAA	152
ENSPPERNIT004612	TGA	2
ENSPPERNIT004613	TAA	365
ENSPPERNIT004615	TAA	63
ENSPPERNIT004619	TGA	1
ENSPPERNIT004624	TGA	20
ENSPPERNIT002543	TGA	1
ENSPPERNIT006969	TAA	101
ENSPPERNIT002589	TAA	1
ENSPPERNIT005336	TAA	70
ENSPPERNIT002385	TAG	113
ENSPPERNIT006302	TAG	14
ENSPPERNIT003867	TAA	32
ENSPPERNIT003501	TGA	109
ENSPPERNIT003864	TAG	76
ENSPPERNIT003868	TGA	8
ENSPPERNIT000589	TGA	597
ENSPPERNIT000577	TGA	1
ENSPPERNIT000576	TAA	245
ENSPPERNIT000569	TAA	1
ENSPPERNIT000571	TGA	42
ENSPPERNIT000583	TAG	295
ENSPPERNIT006259	TAA	29
ENSPPERNIT006193	TAA	7
ENSPPERNIT003515	TGA	73
ENSPPERNIT003508	TGA	98
ENSPPERNIT000724	TAA	984
ENSPPERNIT000731	TAA	47
ENSPPERNIT000335	TAG	2
ENSPPERNIT005017	TGA	2
ENSPPERNIT005002	TGA	2
ENSPPERNIT004997	TGA	4
ENSPPERNIT004999	TGA	76
ENSPPERNIT005011	TGA	76
ENSPPERNIT005003	TGA	162
ENSPPERNIT005219	TAG	8
ENSPPERNIT005231	TAA	2
ENSPPERNIT001332	TAG	2
ENSPPERNIT001318	TGA	80
ENSPPERNIT001661	TGA	1
ENSPPERNIT001676	TGA	38
ENSPPERNIT001679	TGA	165
ENSPPERNIT005940	TAA	2
ENSPPERNIT004657	TAA	2
ENSPPERNIT004658	TAA	47
ENSPPERNIT005934	TAA	2
ENSPPERNIT004664	TAA	2
ENSPPERNIT005946	TAG	192
ENSPPERNIT001421	TGA	3
ENSPPERNIT001427	TAA	125
ENSPPERNIT001422	TGA	9
ENSPPERNIT001429	TAA	48
ENSPPERNIT007283	TGA	2
ENSPPERNIT007285	TAA	2
ENSPPERNIT007280	TAA	147
ENSPPERNIT007281	TAA	47
ENSPPERNIT007284	TGA	774
ENSPPERNIT003129	TAA	17
ENSPPERNIT003116	TAG	2
ENSPPERNIT003113	TAG	2
ENSPPERNIT003111	TAA	19
ENSPPERNIT006139	TGA	378
ENSPPERNIT001512	TAG	2
ENSPPERNIT006142	TAA	85
ENSPPERNIT005248	TAA	8
ENSPPERNIT006140	TAA	1
ENSPPERNIT005246	TAA	10
ENSPPERNIT005250	TAA	2
ENSPPERNIT005252	TGA	2
ENSPPERNIT003340	TAG	1
ENSPPERNIT005521	TAA	35
ENSPPERNIT003327	TGA	75
ENSPPERNIT003335	TGA	70
ENSPPERNIT003334	TAA	100
ENSPPERNIT001498	TAA	11
ENSPPERNIT001460	TGA	14
ENSPPERNIT005506	TGA	53
ENSPPERNIT000739	TGA	141
ENSPPERNIT000333	TGA	242
ENSPPERNIT000347	TAA	78
ENSPPERNIT005256	TGA	5
ENSPPERNIT004773	TAA	139
ENSPPERNIT004764	TGA	21
ENSPPERNIT001144	TGA	2
ENSPPERNIT005358	TAG	93
ENSPPERNIT001165	TGA	71
ENSPPERNIT006978	TAA	159
ENSPPERNIT006764	TAA	2
ENSPPERNIT006770	TGA	6
ENSPPERNIT002624	TAA	2
ENSPPERNIT002639	TAA	11
ENSPPERNIT002413	TAA	256
ENSPPERNIT006284	TAG	53
ENSPPERNIT003892	TAA	78
ENSPPERNIT003887	TGA	85
ENSPPERNIT003889	TGA	8
ENSPPERNIT000961	TGA	1
ENSPPERNIT001031	TGA	1
ENSPPERNIT000944	TAG	49
ENSPPERNIT000649	TAG	1
ENSPPERNIT000934	TAA	2
ENSPPERNIT000602	TGA	2
ENSPPERNIT000909	TAG	2
ENSPPERNIT000920	TGA	20
ENSPPERNIT005878	TAA	80
ENSPPERNIT005822	TAA	11
ENSPPERNIT005021	TAA	113
ENSPPERNIT005013	TAA	1
ENSPPERNIT005020	TAA	1
ENSPPERNIT005016	TAG	114
ENSPPERNIT005029	TAA	176
ENSPPERNIT005022	TAA	2
ENSPPERNIT001724	TAG	2
ENSPPERNIT005329	TGA	224
ENSPPERNIT005315	TGA	130
ENSPPERNIT005313	TAG	2
ENSPPERNIT001681	TAG	24
ENSPPERNIT001648	TAA	24
ENSPPERNIT005920	TAA	2
ENSPPERNIT005929	TGA	58
ENSPPERNIT005919	TAA	5
ENSPPERNIT005918	TAA	65
ENSPPERNIT006500	TGA	117
ENSPPERNIT001355	TAA	1
ENSPPERNIT001370	TAA	276
ENSPPERNIT001199	TAA	453
ENSPPERNIT001358	TAA	140
ENSPPERNIT001367	TGA	172
ENSPPERNIT001353	TAA	184
ENSPPERNIT001352	TAA	148
ENSPPERNIT001357	TAA	2
ENSPPERNIT001223	TAA	588
ENSPPERNIT001226	TGA	45
ENSPPERNIT006505	TAA	2
ENSPPERNIT006504	TAA	13
ENSPPERNIT006510	TAG	11
ENSPPERNIT007149	TGA	73
ENSPPERNIT007142	TGA	72
ENSPPERNIT007141	TGA	2
ENSPPERNIT000450	TGA	592
ENSPPERNIT000547	TAA	166
ENSPPERNIT000554	TGA	1
ENSPPERNIT000556	TGA	2
ENSPPERNIT000559	TAG	182
ENSPPERNIT000645	TAG	1
ENSPPERNIT000605	TAA	1
ENSPPERNIT002603	TAA	1
ENSPPERNIT007088	TGA	828
ENSPPERNIT007008	TAG	1
ENSPPERNIT006985	TAA	1
ENSPPERNIT007791	TAG	38
ENSPPERNIT007792	TAG	219
ENSPPERNIT007793	TAA	168
ENSPPERNIT000765	TAG	77
ENSPPERNIT006758	TGA	344
ENSPPERNIT000763	TAA	2
ENSPPERNIT005379	TAA	5
ENSPPERNIT005385	TAA	2
ENSPPERNIT001218	TAG	1
ENSPPERNIT002590	TAA	11
ENSPPERNIT002577	TAA	8
ENSPPERNIT006129	TAA	1
ENSPPERNIT006126	TAA	30
ENSPPERNIT002899	TAA	117
ENSPPERNIT001935	TGA	44
ENSPPERNIT001958	TAA	2
ENSPPERNIT001938	TAA	2
ENSPPERNIT001937	TAA	155
ENSPPERNIT001971	TAA	2
ENSPPERNIT003639	TGA	3
ENSPPERNIT003914	TAG	56
ENSPPERNIT003933	TGA	180
ENSPPERNIT003925	TAA	115
ENSPPERNIT003912	TGA	136
ENSPPERNIT003924	TAA	197
ENSPPERNIT003903	TAA	85
ENSPPERNIT003905	TGA	2
ENSPPERNIT007216	TAA	13
ENSPPERNIT000921	TAA	167
ENSPPERNIT000923	TAA	42
ENSPPERNIT000924	TAA	208
ENSPPERNIT003718	TAG	2214
ENSPPERNIT003665	TAA	58
ENSPPERNIT004362	TAG	2
ENSPPERNIT000116	TAA	2
ENSPPERNIT000118	TAA	2
ENSPPERNIT000127	TAA	1
ENSPPERNIT000119	TAG	1
ENSPPERNIT001359	TAA	2
ENSPPERNIT005857	TGA	2
ENSPPERNIT005851	TAA	8
ENSPPERNIT005850	TAG	19
ENSPPERNIT001349	TAG	2
ENSPPERNIT004702	TGA	2
ENSPPERNIT006521	TAA	44
ENSPPERNIT006520	TAA	2
ENSPPERNIT006529	TGA	10
ENSPPERNIT006546	TAA	334
ENSPPERNIT006526	TGA	3
ENSPPERNIT006534	TAG	371
ENSPPERNIT005448	TAA	2
ENSPPERNIT005460	TAA	2
ENSPPERNIT002279	TGA	2
ENSPPERNIT007228	TGA	79
ENSPPERNIT006672	TAG	74
ENSPPERNIT006692	TAA	65
ENSPPERNIT006669	TGA	1
ENSPPERNIT006687	TGA	207
ENSPPERNIT006679	TAA	346
ENSPPERNIT003289	TAA	477
ENSPPERNIT003228	TGA	66
ENSPPERNIT003266	TAG	1
ENSPPERNIT003176	TGA	2
ENSPPERNIT003171	TAA	2
ENSPPERNIT003178	TGA	78
ENSPPERNIT004244	TAA	135
ENSPPERNIT004238	TAA	235
ENSPPERNIT004237	TAA	2
ENSPPERNIT004253	TGA	1
ENSPPERNIT004546	TAA	2
ENSPPERNIT006355	TAA	1
ENSPPERNIT004552	TGA	2
ENSPPERNIT000538	TGA	320
ENSPPERNIT000641	TAA	8
ENSPPERNIT007772	TAA	17
ENSPPERNIT007773	TAA	2
ENSPPERNIT007774	TAA	153
ENSPPERNIT000738	TGA	49
ENSPPERNIT000713	TAA	1
ENSPPERNIT000696	TGA	2
ENSPPERNIT000694	TGA	2
ENSPPERNIT002719	TAA	33
ENSPPERNIT003444	TGA	28
ENSPPERNIT003456	TGA	91
ENSPPERNIT003450	TGA	1
ENSPPERNIT003449	TGA	2
ENSPPERNIT002748	TGA	1
ENSPPERNIT001198	TAG	3
ENSPPERNIT001212	TAA	108
ENSPPERNIT005396	TGA	22
ENSPPERNIT006167	TGA	96
ENSPPERNIT002932	TAA	188
ENSPPERNIT002891	TAG	2
ENSPPERNIT002905	TGA	213
ENSPPERNIT002928	TGA	44
ENSPPERNIT002915	TAG	1
ENSPPERNIT002911	TAA	2
ENSPPERNIT007517	TGA	701
ENSPPERNIT003646	TAA	70
ENSPPERNIT003630	TAA	3
ENSPPERNIT003609	TAA	6
ENSPPERNIT003655	TAG	3
ENSPPERNIT003629	TGA	1
ENSPPERNIT003651	TAA	108
ENSPPERNIT005670	TGA	252
ENSPPERNIT000989	TAG	2
ENSPPERNIT000972	TGA	1
ENSPPERNIT005306	TAG	119
ENSPPERNIT000128	TGA	457
ENSPPERNIT000140	TAA	2
ENSPPERNIT000139	TGA	80
ENSPPERNIT005793	TGA	10
ENSPPERNIT004680	TGA	143
ENSPPERNIT004686	TAA	2
ENSPPERNIT004691	TAA	2
ENSPPERNIT004701	TGA	167
ENSPPERNIT004696	TAG	69
ENSPPERNIT004689	TGA	28
ENSPPERNIT004174	TAA	1
ENSPPERNIT005471	TAA	130
ENSPPERNIT006896	TGA	102
ENSPPERNIT005478	TAA	70
ENSPPERNIT005481	TGA	1
ENSPPERNIT002521	TAG	294
ENSPPERNIT002511	TGA	1
ENSPPERNIT002536	TGA	252
ENSPPERNIT001857	TAG	2
ENSPPERNIT003209	TAG	35
ENSPPERNIT003208	TAA	391
ENSPPERNIT000500	TAA	94
ENSPPERNIT000490	TAA	2
ENSPPERNIT000489	TGA	108
ENSPPERNIT000715	TGA	93
ENSPPERNIT007572	TAA	329
ENSPPERNIT003410	TGA	1
ENSPPERNIT003421	TGA	24
ENSPPERNIT006037	TAG	1
ENSPPERNIT007134	TGA	77
ENSPPERNIT006967	TAA	2
ENSPPERNIT006691	TAA	122
ENSPPERNIT003692	TAA	2
ENSPPERNIT003708	TGA	1
ENSPPERNIT003689	TGA	36
ENSPPERNIT003687	TAA	2
ENSPPERNIT003968	TAA	2
ENSPPERNIT003944	TGA	1988
ENSPPERNIT003952	TAA	17
ENSPPERNIT002764	TGA	4
ENSPPERNIT002740	TGA	75
ENSPPERNIT002738	TGA	2
ENSPPERNIT002732	TGA	5
ENSPPERNIT003819	TGA	19
ENSPPERNIT007438	TAA	1
ENSPPERNIT000968	TGA	6
ENSPPERNIT000962	TAG	147
ENSPPERNIT000955	TAA	68
ENSPPERNIT000959	TGA	2
ENSPPERNIT007434	TAA	114
ENSPPERNIT007431	TAG	172
ENSPPERNIT007188	TAG	177
ENSPPERNIT001064	TAA	1
ENSPPERNIT001651	TAA	430
ENSPPERNIT005302	TAA	77
ENSPPERNIT005833	TAA	63
ENSPPERNIT000161	TGA	2
ENSPPERNIT005209	TGA	2
ENSPPERNIT005185	TGA	6
ENSPPERNIT001578	TAA	14
ENSPPERNIT005797	TAG	1
ENSPPERNIT005254	TGA	2
ENSPPERNIT006481	TAG	88
ENSPPERNIT006502	TAA	19
ENSPPERNIT005390	TAA	7
ENSPPERNIT006836	TGA	1
ENSPPERNIT005495	TGA	24
ENSPPERNIT005503	TAA	332
ENSPPERNIT005489	TAA	191
ENSPPERNIT005491	TAA	196
ENSPPERNIT005500	TAA	2
ENSPPERNIT006338	TGA	68
ENSPPERNIT002496	TGA	9
ENSPPERNIT002488	TGA	2
ENSPPERNIT002514	TGA	356
ENSPPERNIT005391	TAA	32
ENSPPERNIT003985	TGA	2
ENSPPERNIT005392	TAA	962
ENSPPERNIT003982	TAA	41
ENSPPERNIT003151	TGA	67
ENSPPERNIT003149	TAA	1113
ENSPPERNIT003143	TGA	20
ENSPPERNIT007410	TGA	492
ENSPPERNIT003141	TGA	28
ENSPPERNIT007221	TGA	2
ENSPPERNIT004032	TGA	2
ENSPPERNIT004045	TGA	158
ENSPPERNIT000513	TGA	7
ENSPPERNIT000481	TGA	248
ENSPPERNIT002904	TGA	37
ENSPPERNIT007007	TGA	262
ENSPPERNIT000435	TGA	2
ENSPPERNIT000431	TAA	53
ENSPPERNIT002893	TAA	1
ENSPPERNIT000427	TAG	325
ENSPPERNIT002903	TGA	4
ENSPPERNIT002615	TGA	451
ENSPPERNIT002595	TGA	9
ENSPPERNIT002609	TAG	76
ENSPPERNIT002584	TAA	76
ENSPPERNIT003403	TAG	2
ENSPPERNIT003436	TGA	2
ENSPPERNIT003395	TAA	239
ENSPPERNIT003389	TAG	266
ENSPPERNIT002613	TGA	12
ENSPPERNIT001574	TGA	4
ENSPPERNIT001591	TAA	2
ENSPPERNIT001615	TGA	2
ENSPPERNIT001527	TAA	59
ENSPPERNIT002933	TGA	20
ENSPPERNIT002937	TAA	2
ENSPPERNIT002993	TAA	1
ENSPPERNIT002968	TAG	1
ENSPPERNIT006944	TAA	5
ENSPPERNIT004302	TAG	2
ENSPPERNIT004296	TAG	76
ENSPPERNIT003685	TGA	32
ENSPPERNIT003673	TGA	75
ENSPPERNIT005903	TAA	2
ENSPPERNIT007704	TAA	1
ENSPPERNIT007713	TGA	67
ENSPPERNIT006862	TAA	1
ENSPPERNIT006849	TAA	2
ENSPPERNIT006847	TAA	1
ENSPPERNIT006850	TAA	45
ENSPPERNIT006842	TGA	42
ENSPPERNIT006852	TAG	2
ENSPPERNIT003192	TGA	2
ENSPPERNIT003642	TAG	8
ENSPPERNIT000185	TAA	700
ENSPPERNIT000177	TGA	124
ENSPPERNIT000181	TAA	1
ENSPPERNIT007506	TGA	26
ENSPPERNIT001320	TGA	34
ENSPPERNIT001319	TAA	73
ENSPPERNIT005222	TGA	50
ENSPPERNIT004732	TAG	114
ENSPPERNIT004723	TAG	132
ENSPPERNIT002920	TAA	7
ENSPPERNIT002882	TAG	7
ENSPPERNIT002872	TAG	94
ENSPPERNIT002866	TAA	25
ENSPPERNIT002863	TAA	2
ENSPPERNIT002888	TAA	28
ENSPPERNIT002860	TAA	24
ENSPPERNIT002463	TGA	2
ENSPPERNIT005516	TGA	46
ENSPPERNIT005515	TAG	2
ENSPPERNIT005532	TGA	12
ENSPPERNIT006008	TGA	1
ENSPPERNIT006016	TGA	2
ENSPPERNIT003850	TAG	98
ENSPPERNIT003856	TGA	13
ENSPPERNIT003846	TAA	71
ENSPPERNIT003848	TAA	177
ENSPPERNIT003847	TGA	159
ENSPPERNIT003841	TGA	1
ENSPPERNIT002096	TAA	1
ENSPPERNIT002105	TGA	353
ENSPPERNIT007168	TAG	90
ENSPPERNIT004060	TAG	213
ENSPPERNIT004057	TAA	88
ENSPPERNIT007154	TGA	45
ENSPPERNIT004064	TAA	65
ENSPPERNIT000466	TAA	76
ENSPPERNIT000467	TAA	12
ENSPPERNIT000470	TGA	2
ENSPPERNIT000475	TAG	530
ENSPPERNIT006910	TGA	58
ENSPPERNIT006906	TGA	2
ENSPPERNIT006652	TAA	1
ENSPPERNIT006928	TGA	4
ENSPPERNIT003349	TGA	2
ENSPPERNIT003366	TAA	1
ENSPPERNIT003373	TAA	37
ENSPPERNIT005835	TAA	1
ENSPPERNIT004852	TAG	2
ENSPPERNIT005769	TAA	151
ENSPPERNIT005762	TAG	5
ENSPPERNIT006742	TAA	11
ENSPPERNIT000553	TAA	19
ENSPPERNIT001509	TAA	428
ENSPPERNIT004258	TAA	69
ENSPPERNIT004268	TAA	175
ENSPPERNIT004284	TGA	651
ENSPPERNIT004276	TAG	1
ENSPPERNIT006816	TGA	2
ENSPPERNIT007456	TGA	109
ENSPPERNIT001111	TGA	21
ENSPPERNIT007459	TGA	7
ENSPPERNIT000239	TAA	238
ENSPPERNIT000220	TGA	238
ENSPPERNIT001258	TAA	136
ENSPPERNIT007454	TGA	4
ENSPPERNIT005304	TAG	64
ENSPPERNIT003519	TGA	2
ENSPPERNIT004165	TGA	78
ENSPPERNIT004158	TGA	4
ENSPPERNIT004157	TGA	7
ENSPPERNIT001270	TGA	157
ENSPPERNIT005307	TGA	86
ENSPPERNIT001263	TAA	82
ENSPPERNIT001252	TGA	2
ENSPPERNIT002474	TAA	343
ENSPPERNIT002456	TGA	13
ENSPPERNIT005567	TAG	2
ENSPPERNIT006057	TAA	5
ENSPPERNIT006033	TAA	24
ENSPPERNIT006050	TGA	2
ENSPPERNIT002426	TAA	1
ENSPPERNIT002424	TAA	357
ENSPPERNIT003818	TGA	62
ENSPPERNIT007427	TAA	35
ENSPPERNIT003814	TAG	2
ENSPPERNIT003828	TGA	2
ENSPPERNIT003829	TAG	53
ENSPPERNIT006269	TAA	3
ENSPPERNIT002816	TAA	50
ENSPPERNIT001854	TGA	202
ENSPPERNIT002062	TGA	2
ENSPPERNIT007225	TAA	64
ENSPPERNIT007230	TAA	9
ENSPPERNIT000799	TGA	110
ENSPPERNIT000800	TGA	101
ENSPPERNIT000795	TAA	249
ENSPPERNIT000035	TAA	2
ENSPPERNIT000070	TAA	113
ENSPPERNIT000060	TGA	1
ENSPPERNIT000056	TAG	38
ENSPPERNIT006418	TAA	55
ENSPPERNIT005750	TAA	2
ENSPPERNIT005744	TAA	2
ENSPPERNIT005741	TGA	97
ENSPPERNIT005748	TAG	42
ENSPPERNIT005745	TAG	2
ENSPPERNIT001864	TAA	413
ENSPPERNIT001877	TAG	2
ENSPPERNIT007796	TGA	2
ENSPPERNIT007798	TGA	94
ENSPPERNIT003110	TAG	307
ENSPPERNIT003099	TAG	232
ENSPPERNIT006796	TAG	163
ENSPPERNIT003112	TAG	1
ENSPPERNIT000644	TAG	1
ENSPPERNIT004342	TAA	107
ENSPPERNIT006794	TAG	19
ENSPPERNIT006793	TGA	2
ENSPPERNIT007453	TGA	7
ENSPPERNIT006799	TGA	1
ENSPPERNIT007443	TGA	2
ENSPPERNIT007593	TAG	97
ENSPPERNIT007689	TAA	97
ENSPPERNIT007691	TAA	97
ENSPPERNIT003835	TGA	80
ENSPPERNIT003600	TAG	90
ENSPPERNIT003617	TGA	2
ENSPPERNIT003622	TGA	95
ENSPPERNIT003614	TGA	95
ENSPPERNIT000211	TGA	2
ENSPPERNIT000205	TAG	20
ENSPPERNIT001655	TAA	181
ENSPPERNIT001351	TAA	1
ENSPPERNIT001354	TAA	12
ENSPPERNIT002956	TAA	7
ENSPPERNIT001636	TAA	2
ENSPPERNIT001692	TGA	2
ENSPPERNIT000880	TGA	106
ENSPPERNIT000861	TGA	474
ENSPPERNIT000927	TAA	120
ENSPPERNIT005118	TAG	253
ENSPPERNIT001284	TAG	66
ENSPPERNIT005114	TGA	40
ENSPPERNIT005119	TAG	379
ENSPPERNIT005115	TAA	2
ENSPPERNIT006455	TAG	108
ENSPPERNIT002842	TAA	133
ENSPPERNIT006268	TAA	2
ENSPPERNIT006462	TAA	486
ENSPPERNIT002489	TGA	2
ENSPPERNIT001205	TAA	1
ENSPPERNIT007240	TGA	73
ENSPPERNIT007229	TAA	89
ENSPPERNIT006059	TGA	143
ENSPPERNIT006069	TAA	176
ENSPPERNIT006048	TAA	198
ENSPPERNIT006051	TGA	439
ENSPPERNIT002056	TAA	201
ENSPPERNIT002035	TGA	4
ENSPPERNIT002125	TAG	459
ENSPPERNIT004511	TGA	2
ENSPPERNIT003797	TAA	23
ENSPPERNIT007460	TAG	82
ENSPPERNIT007462	TAG	1
ENSPPERNIT004506	TGA	2
ENSPPERNIT003793	TGA	2
ENSPPERNIT003789	TAA	29
ENSPPERNIT003790	TAA	29
ENSPPERNIT002141	TGA	258
ENSPPERNIT002146	TAG	2
ENSPPERNIT002182	TAA	93
ENSPPERNIT002134	TGA	2
ENSPPERNIT002138	TAA	1
ENSPPERNIT004013	TGA	71
ENSPPERNIT007209	TAG	1
ENSPPERNIT004003	TAA	14
ENSPPERNIT007208	TAG	2
ENSPPERNIT001381	TGA	2
ENSPPERNIT007629	TAA	1
ENSPPERNIT002280	TGA	2
ENSPPERNIT001387	TGA	97
ENSPPERNIT001424	TAA	97
ENSPPERNIT002914	TAG	121
ENSPPERNIT006138	TAA	193
ENSPPERNIT006730	TAA	664
ENSPPERNIT002570	TAG	85
ENSPPERNIT007634	TAA	495
ENSPPERNIT007631	TAA	1
ENSPPERNIT000024	TGA	28
ENSPPERNIT000010	TAA	111
ENSPPERNIT000014	TAA	1
ENSPPERNIT000018	TAA	3
ENSPPERNIT005721	TGA	12
ENSPPERNIT005727	TGA	2
ENSPPERNIT005723	TAA	2
ENSPPERNIT004924	TGA	13
ENSPPERNIT004919	TAG	89
ENSPPERNIT004933	TGA	89
ENSPPERNIT004911	TGA	90
ENSPPERNIT004922	TAA	10
ENSPPERNIT001487	TGA	17
ENSPPERNIT001888	TGA	1
ENSPPERNIT006786	TAG	1
ENSPPERNIT006791	TAG	1
ENSPPERNIT006832	TAA	42
ENSPPERNIT003077	TGA	1
ENSPPERNIT003073	TGA	341
ENSPPERNIT003075	TGA	16
ENSPPERNIT002686	TAA	2
ENSPPERNIT003089	TAG	1
ENSPPERNIT002811	TAG	99
ENSPPERNIT004323	TAA	2
ENSPPERNIT004320	TAA	83
ENSPPERNIT004321	TGA	535
ENSPPERNIT004312	TAA	2
ENSPPERNIT001399	TAA	23
ENSPPERNIT006760	TAA	464
ENSPPERNIT000246	TAG	155
ENSPPERNIT003628	TGA	5
ENSPPERNIT003627	TGA	80
ENSPPERNIT007531	TGA	2
ENSPPERNIT003344	TAA	555
ENSPPERNIT003347	TAG	70
ENSPPERNIT005099	TGA	2
ENSPPERNIT005109	TAA	287
ENSPPERNIT005132	TAA	141
ENSPPERNIT005110	TAA	9
ENSPPERNIT005103	TGA	186
ENSPPERNIT002612	TAG	4
ENSPPERNIT003257	TGA	47
ENSPPERNIT003036	TAA	2
ENSPPERNIT002985	TGA	2
ENSPPERNIT006257	TGA	2
ENSPPERNIT006241	TAA	2
ENSPPERNIT002849	TGA	297
ENSPPERNIT002885	TAA	32
ENSPPERNIT002864	TAA	32
ENSPPERNIT002843	TAA	662
ENSPPERNIT001711	TAA	27
ENSPPERNIT001706	TAG	2
ENSPPERNIT001756	TAA	49
ENSPPERNIT002109	TAA	253
ENSPPERNIT002108	TAG	2
ENSPPERNIT006767	TGA	1
ENSPPERNIT007386	TAG	1
ENSPPERNIT003772	TAA	83
ENSPPERNIT003776	TAA	49
ENSPPERNIT003226	TAA	750
ENSPPERNIT001291	TAA	87
ENSPPERNIT003237	TAA	2
ENSPPERNIT003234	TGA	140
ENSPPERNIT006419	TGA	48
ENSPPERNIT006710	TGA	34
ENSPPERNIT006766	TAA	2
ENSPPERNIT001298	TAG	84
ENSPPERNIT000078	TAA	220
ENSPPERNIT000076	TGA	1
ENSPPERNIT000098	TAA	193
ENSPPERNIT005708	TAA	179
ENSPPERNIT005701	TGA	422
ENSPPERNIT005658	TAA	1
ENSPPERNIT005717	TGA	30
ENSPPERNIT004958	TGA	340
ENSPPERNIT001912	TAG	167
ENSPPERNIT004943	TGA	117
ENSPPERNIT004947	TAG	184
ENSPPERNIT001931	TGA	2
ENSPPERNIT004944	TGA	246
ENSPPERNIT002825	TAG	43
ENSPPERNIT006458	TAG	179
ENSPPERNIT003065	TAG	2
ENSPPERNIT003034	TGA	335
ENSPPERNIT003078	TGA	147
ENSPPERNIT003047	TAA	2060
ENSPPERNIT002684	TGA	10
ENSPPERNIT004299	TAA	40
ENSPPERNIT007673	TAA	2
ENSPPERNIT007667	TAA	36
ENSPPERNIT007665	TGA	99
ENSPPERNIT007664	TAA	1
ENSPPERNIT007663	TAA	211
ENSPPERNIT000258	TGA	1
ENSPPERNIT000274	TAA	269
ENSPPERNIT004607	TAG	2
ENSPPERNIT001275	TAA	1
ENSPPERNIT002818	TAG	4
ENSPPERNIT001282	TAA	2
ENSPPERNIT007048	TGA	71
ENSPPERNIT004149	TAA	55
ENSPPERNIT004140	TAA	606
ENSPPERNIT002845	TAG	12
ENSPPERNIT007042	TAA	2
ENSPPERNIT007039	TAA	1
ENSPPERNIT005168	TGA	1
ENSPPERNIT005197	TGA	81
ENSPPERNIT005170	TAA	12
ENSPPERNIT005429	TGA	38
ENSPPERNIT005413	TGA	14
ENSPPERNIT005431	TGA	67
ENSPPERNIT005414	TGA	1
ENSPPERNIT004906	TAA	597
ENSPPERNIT004902	TGA	7
ENSPPERNIT004909	TGA	1
ENSPPERNIT006314	TAA	113
ENSPPERNIT002760	TAA	2
ENSPPERNIT004521	TGA	11
ENSPPERNIT001485	TAG	19
ENSPPERNIT006320	TAA	368
ENSPPERNIT001476	TAA	26
ENSPPERNIT001733	TAA	98
ENSPPERNIT001722	TGA	18
ENSPPERNIT001740	TGA	56
ENSPPERNIT002170	TAA	1
ENSPPERNIT002226	TAG	1
ENSPPERNIT002813	TGA	87
ENSPPERNIT006266	TAA	37
ENSPPERNIT004446	TGA	2
ENSPPERNIT004450	TAA	76
ENSPPERNIT006452	TGA	1
ENSPPERNIT006459	TAA	2
ENSPPERNIT006096	TAA	2
ENSPPERNIT002821	TAA	81
ENSPPERNIT007248	TGA	2
ENSPPERNIT007014	TAA	107
ENSPPERNIT007010	TGA	22
ENSPPERNIT007019	TAG	56
ENSPPERNIT007020	TAA	2
ENSPPERNIT007015	TAA	315
ENSPPERNIT007023	TAG	2
ENSPPERNIT003085	TAG	2
ENSPPERNIT003465	TGA	192
ENSPPERNIT003463	TAG	8
ENSPPERNIT003464	TGA	19
ENSPPERNIT003470	TGA	1
ENSPPERNIT003468	TAA	2
ENSPPERNIT000661	TGA	38
ENSPPERNIT000662	TGA	702
ENSPPERNIT000663	TAA	9
ENSPPERNIT000660	TAA	55
ENSPPERNIT000658	TAA	66
ENSPPERNIT000041	TAA	2
ENSPPERNIT000046	TAA	12
ENSPPERNIT000820	TAA	217
ENSPPERNIT000047	TGA	42
ENSPPERNIT005649	TAA	54
ENSPPERNIT005647	TAA	1
ENSPPERNIT005697	TGA	2
ENSPPERNIT005678	TAA	5
ENSPPERNIT005644	TAA	41
ENSPPERNIT002697	TGA	32
ENSPPERNIT003074	TGA	1
ENSPPERNIT003046	TGA	1
ENSPPERNIT006616	TAG	125
ENSPPERNIT002708	TGA	2
ENSPPERNIT002775	TAA	2
ENSPPERNIT006620	TAG	2
ENSPPERNIT003081	TAA	2
ENSPPERNIT006806	TAG	2
ENSPPERNIT006848	TGA	3
ENSPPERNIT006820	TAA	4
ENSPPERNIT007644	TGA	10
ENSPPERNIT007113	TAA	442
ENSPPERNIT004202	TAG	1000
ENSPPERNIT007648	TAG	2
ENSPPERNIT007649	TGA	243
ENSPPERNIT003825	TGA	77
ENSPPERNIT001054	TGA	105
ENSPPERNIT001057	TAA	83
ENSPPERNIT000301	TGA	77
ENSPPERNIT000305	TGA	3
ENSPPERNIT000280	TAA	2
ENSPPERNIT000289	TAA	70
ENSPPERNIT000268	TGA	72
ENSPPERNIT005868	TAA	6
ENSPPERNIT001653	TAA	1
ENSPPERNIT005859	TGA	1
ENSPPERNIT001644	TGA	1
ENSPPERNIT004131	TAA	236
ENSPPERNIT001217	TAA	2
ENSPPERNIT005136	TAG	1
ENSPPERNIT005150	TAG	323
ENSPPERNIT005148	TAG	2
ENSPPERNIT005398	TGA	1
ENSPPERNIT001216	TAA	59
ENSPPERNIT001229	TAA	168
ENSPPERNIT001228	TAA	3
ENSPPERNIT002002	TAA	2
ENSPPERNIT001230	TAA	202
ENSPPERNIT006392	TGA	24
ENSPPERNIT006292	TGA	1
ENSPPERNIT007202	TAA	11
ENSPPERNIT006412	TGA	2
ENSPPERNIT001991	TGA	199
ENSPPERNIT001768	TGA	2
ENSPPERNIT001771	TGA	2
ENSPPERNIT002169	TAA	1072
ENSPPERNIT002167	TGA	90
ENSPPERNIT001757	TAA	76
ENSPPERNIT001762	TAA	2
ENSPPERNIT004481	TAG	33
ENSPPERNIT004475	TGA	2880
ENSPPERNIT002614	TGA	437
ENSPPERNIT002632	TAA	5
ENSPPERNIT002625	TAA	140
ENSPPERNIT002631	TGA	242
ENSPPERNIT002258	TAG	370
ENSPPERNIT004092	TGA	1
ENSPPERNIT004114	TGA	286
ENSPPERNIT006153	TAA	2
ENSPPERNIT004782	TAA	1
ENSPPERNIT003029	TAA	1
ENSPPERNIT000805	TGA	2
ENSPPERNIT000804	TAA	758
ENSPPERNIT000814	TGA	91
ENSPPERNIT000792	TAG	2
ENSPPERNIT000812	TAG	294
ENSPPERNIT004778	TAG	2
ENSPPERNIT004768	TGA	28
ENSPPERNIT002259	TAG	1
ENSPPERNIT005073	TGA	150
ENSPPERNIT005069	TGA	697
ENSPPERNIT005074	TAA	21
ENSPPERNIT002261	TAA	41
ENSPPERNIT005624	TAA	18
ENSPPERNIT005626	TGA	2
ENSPPERNIT005625	TAA	11
ENSPPERNIT002578	TAG	123
ENSPPERNIT005992	TAA	78
ENSPPERNIT005996	TAG	1
ENSPPERNIT004914	TAG	2
ENSPPERNIT004923	TAA	44
ENSPPERNIT004901	TGA	81
ENSPPERNIT006404	TGA	142
ENSPPERNIT006638	TAA	4
ENSPPERNIT006639	TGA	98
ENSPPERNIT006634	TAA	2
ENSPPERNIT006633	TAA	2
ENSPPERNIT006893	TGA	421
ENSPPERNIT002706	TAA	11
ENSPPERNIT006900	TGA	743
ENSPPERNIT006897	TGA	332
ENSPPERNIT006388	TGA	2
ENSPPERNIT002878	TAG	211
ENSPPERNIT007362	TGA	207
ENSPPERNIT007369	TGA	82
ENSPPERNIT005511	TAA	2
ENSPPERNIT002230	TAA	1
ENSPPERNIT002222	TAA	54
ENSPPERNIT002221	TAA	2
ENSPPERNIT002237	TAA	2
ENSPPERNIT007118	TAA	42
ENSPPERNIT003523	TAA	128
ENSPPERNIT003520	TAA	58
ENSPPERNIT004175	TAG	43
ENSPPERNIT004183	TGA	2
ENSPPERNIT004185	TGA	53
ENSPPERNIT004181	TGA	127
ENSPPERNIT005047	TAA	697
ENSPPERNIT001069	TAA	192
ENSPPERNIT001071	TGA	156
ENSPPERNIT001067	TAA	2
ENSPPERNIT003006	TAG	53
ENSPPERNIT003005	TAG	51
ENSPPERNIT004823	TAA	475
ENSPPERNIT002712	TAA	14
ENSPPERNIT001989	TAA	154
ENSPPERNIT001988	TAA	101
ENSPPERNIT004567	TAA	89
ENSPPERNIT004563	TAG	1
ENSPPERNIT004570	TAA	438
ENSPPERNIT004557	TGA	2
ENSPPERNIT004558	TAG	2
ENSPPERNIT006364	TAA	1
ENSPPERNIT006391	TAG	2
ENSPPERNIT006366	TAG	2
ENSPPERNIT006384	TAG	72
ENSPPERNIT001781	TGA	136
ENSPPERNIT001791	TAG	65
ENSPPERNIT001778	TGA	3
ENSPPERNIT001821	TAG	543
ENSPPERNIT001814	TAG	1
ENSPPERNIT001799	TAG	24
ENSPPERNIT006435	TGA	238
ENSPPERNIT004581	TGA	1
ENSPPERNIT004584	TGA	1
ENSPPERNIT004752	TGA	5
ENSPPERNIT006454	TGA	13
ENSPPERNIT004591	TGA	32
ENSPPERNIT006428	TGA	518
ENSPPERNIT004400	TAG	166
ENSPPERNIT004401	TGA	31
ENSPPERNIT004403	TAA	59
ENSPPERNIT004398	TAA	303
ENSPPERNIT004404	TAA	52
ENSPPERNIT004405	TAA	2
ENSPPERNIT002358	TAA	26
ENSPPERNIT002305	TAA	26
ENSPPERNIT002355	TGA	24
ENSPPERNIT006645	TGA	41
ENSPPERNIT004753	TGA	141
ENSPPERNIT004751	TAG	69
ENSPPERNIT004625	TGA	68
ENSPPERNIT007615	TAA	5
ENSPPERNIT007620	TAG	466
ENSPPERNIT001020	TAA	2
ENSPPERNIT001012	TAG	11
ENSPPERNIT000997	TGA	85
ENSPPERNIT001004	TAA	2
ENSPPERNIT001003	TAA	1
ENSPPERNIT000752	TAG	1
ENSPPERNIT000613	TAG	437
ENSPPERNIT000608	TGA	54
ENSPPERNIT006653	TGA	3
ENSPPERNIT006658	TGA	13
ENSPPERNIT000102	TAA	75
ENSPPERNIT000903	TAA	304
ENSPPERNIT004912	TGA	9
ENSPPERNIT005611	TAA	51
ENSPPERNIT002626	TGA	1
ENSPPERNIT005975	TAG	2
ENSPPERNIT004926	TAA	306
ENSPPERNIT004935	TGA	259
ENSPPERNIT005966	TGA	38
ENSPPERNIT001565	TAG	1
ENSPPERNIT006522	TAA	2
ENSPPERNIT006575	TAG	2
ENSPPERNIT006569	TAA	2
ENSPPERNIT004544	TAA	2
ENSPPERNIT007332	TAA	6
ENSPPERNIT002322	TAG	82
ENSPPERNIT002235	TAA	9
ENSPPERNIT002284	TGA	27
ENSPPERNIT002253	TGA	84
ENSPPERNIT002254	TGA	2
ENSPPERNIT004167	TAA	25
ENSPPERNIT007043	TGA	336
ENSPPERNIT004137	TAA	47
ENSPPERNIT004153	TAA	91
ENSPPERNIT004145	TAA	171
ENSPPERNIT003559	TAA	2
ENSPPERNIT003532	TAG	23
ENSPPERNIT003528	TGA	2
ENSPPERNIT003538	TAG	1
ENSPPERNIT003553	TAA	176
ENSPPERNIT007753	TAA	2
ENSPPERNIT006447	TAA	2
ENSPPERNIT006695	TAA	2
ENSPPERNIT005269	TGA	76
ENSPPERNIT001087	TAG	2
ENSPPERNIT005146	TGA	1
ENSPPERNIT005140	TAA	93
ENSPPERNIT005264	TGA	20
ENSPPERNIT006681	TGA	69
ENSPPERNIT003241	TAA	262
ENSPPERNIT003238	TGA	1
ENSPPERNIT003253	TAA	365
ENSPPERNIT006460	TGA	1
ENSPPERNIT003547	TAA	2
ENSPPERNIT003615	TGA	375
ENSPPERNIT003563	TAA	25
ENSPPERNIT003543	TAA	25
ENSPPERNIT004127	TAG	92
ENSPPERNIT000416	TGA	451
ENSPPERNIT000402	TGA	4
ENSPPERNIT000426	TAA	50
ENSPPERNIT000465	TGA	1
ENSPPERNIT000433	TAA	1
ENSPPERNIT003555	TAA	2
ENSPPERNIT004138	TGA	91
ENSPPERNIT002032	TAA	210
ENSPPERNIT001887	TGA	308
ENSPPERNIT004582	TAA	102
ENSPPERNIT004583	TGA	352
ENSPPERNIT006432	TGA	2
ENSPPERNIT006437	TAA	54
ENSPPERNIT001486	TGA	189
ENSPPERNIT001896	TAA	54
ENSPPERNIT001831	TAG	45
ENSPPERNIT001858	TGA	883
ENSPPERNIT001806	TGA	27
ENSPPERNIT001803	TAA	2
ENSPPERNIT001841	TAA	5
ENSPPERNIT006256	TAG	189
ENSPPERNIT002840	TGA	1
ENSPPERNIT002856	TGA	30
ENSPPERNIT002961	TGA	197
ENSPPERNIT002874	TAG	197
ENSPPERNIT006232	TGA	50
ENSPPERNIT006230	TAG	2
ENSPPERNIT006236	TAA	2
ENSPPERNIT006234	TGA	27
ENSPPERNIT006235	TAG	67
ENSPPERNIT006249	TAG	2
ENSPPERNIT006240	TAG	1
ENSPPERNIT004647	TGA	127
ENSPPERNIT004424	TGA	135
ENSPPERNIT004426	TGA	85
ENSPPERNIT002325	TAA	19
ENSPPERNIT002324	TGA	58
ENSPPERNIT002313	TGA	2
ENSPPERNIT002320	TGA	89
ENSPPERNIT006630	TGA	9
ENSPPERNIT003734	TAA	63
ENSPPERNIT003731	TGA	236
ENSPPERNIT003729	TGA	23
ENSPPERNIT000615	TAA	1
ENSPPERNIT000621	TGA	2
ENSPPERNIT000652	TGA	591
ENSPPERNIT000619	TAG	108
ENSPPERNIT000835	TAA	2
ENSPPERNIT000905	TAA	2
ENSPPERNIT005026	TGA	10
ENSPPERNIT005032	TAA	81
ENSPPERNIT006566	TGA	1
ENSPPERNIT006565	TGA	29
ENSPPERNIT005952	TGA	12
ENSPPERNIT006564	TGA	116
ENSPPERNIT006563	TAG	4
ENSPPERNIT006559	TGA	3
ENSPPERNIT004213	TAG	109
ENSPPERNIT003082	TGA	17
ENSPPERNIT003070	TAG	35
ENSPPERNIT007314	TAG	4
ENSPPERNIT007317	TGA	163
ENSPPERNIT007318	TGA	145
ENSPPERNIT006597	TGA	78
ENSPPERNIT006593	TGA	54
ENSPPERNIT006589	TGA	1
ENSPPERNIT002188	TAA	8
ENSPPERNIT002177	TAA	529
ENSPPERNIT004117	TAG	2
ENSPPERNIT003090	TAA	45
ENSPPERNIT003564	TGA	42
ENSPPERNIT003796	TAA	33
ENSPPERNIT007467	TGA	6
ENSPPERNIT005255	TAG	14
ENSPPERNIT003802	TAA	694
ENSPPERNIT003820	TAG	1142
ENSPPERNIT003214	TGA	248
ENSPPERNIT001112	TAA	17
ENSPPERNIT005790	TGA	2
ENSPPERNIT001600	TGA	44
ENSPPERNIT003271	TAG	6
ENSPPERNIT003279	TAG	2
ENSPPERNIT001604	TAG	2
ENSPPERNIT005798	TAA	54
ENSPPERNIT000392	TGA	2
ENSPPERNIT000408	TAG	181
ENSPPERNIT006765	TAA	48
ENSPPERNIT006466	TGA	5
ENSPPERNIT004800	TAA	3
ENSPPERNIT004799	TAA	11
ENSPPERNIT004798	TAA	2
ENSPPERNIT005316	TGA	19
ENSPPERNIT001149	TGA	14
ENSPPERNIT005353	TGA	45
ENSPPERNIT004018	TGA	147
ENSPPERNIT006420	TGA	12
ENSPPERNIT004603	TAA	94
ENSPPERNIT006426	TGA	15
ENSPPERNIT006413	TAA	2
ENSPPERNIT004019	TAA	114
ENSPPERNIT003011	TGA	2
ENSPPERNIT003007	TAA	2
ENSPPERNIT003003	TAG	76
ENSPPERNIT003009	TGA	39
ENSPPERNIT006927	TAA	2
ENSPPERNIT003294	TGA	8
ENSPPERNIT002343	TAA	143
ENSPPERNIT002339	TAA	82
ENSPPERNIT002344	TAG	377
ENSPPERNIT002347	TAG	178
ENSPPERNIT002404	TAA	63
ENSPPERNIT002345	TAG	508
ENSPPERNIT002340	TGA	21
ENSPPERNIT003522	TAG	237
ENSPPERNIT000570	TAA	81
ENSPPERNIT006296	TAG	95
ENSPPERNIT003509	TAA	79
ENSPPERNIT005053	TGA	2
ENSPPERNIT004982	TGA	1
ENSPPERNIT004973	TGA	151
ENSPPERNIT004971	TAA	2
ENSPPERNIT004981	TAA	40
ENSPPERNIT004978	TGA	12
ENSPPERNIT006166	TGA	6
ENSPPERNIT006160	TGA	4
ENSPPERNIT005944	TAA	2
ENSPPERNIT005935	TAA	2
ENSPPERNIT002912	TGA	67
ENSPPERNIT005891	TAG	74
ENSPPERNIT005885	TGA	19
ENSPPERNIT005882	TAA	92
ENSPPERNIT001411	TAG	95
ENSPPERNIT002212	TGA	21
ENSPPERNIT002208	TGA	2
ENSPPERNIT002207	TAA	2
ENSPPERNIT002255	TGA	172
ENSPPERNIT002217	TAG	2
ENSPPERNIT003172	TAG	107
ENSPPERNIT003128	TAA	576
ENSPPERNIT003126	TAA	268
ENSPPERNIT003127	TAA	30
ENSPPERNIT003146	TAA	43
ENSPPERNIT003583	TAA	98
ENSPPERNIT003574	TAG	2
ENSPPERNIT005569	TAG	147
ENSPPERNIT005573	TAA	1
ENSPPERNIT003791	TAG	318
ENSPPERNIT005371	TAA	2
ENSPPERNIT005557	TAA	122
ENSPPERNIT005244	TAA	24
ENSPPERNIT005334	TGA	2
ENSPPERNIT003314	TGA	1
ENSPPERNIT003313	TGA	270
ENSPPERNIT003315	TGA	102
ENSPPERNIT003306	TAA	379
ENSPPERNIT003293	TAG	83
ENSPPERNIT005241	TGA	1
ENSPPERNIT004810	TAG	2
ENSPPERNIT004818	TGA	14
ENSPPERNIT000382	TAG	309
ENSPPERNIT000368	TGA	302
ENSPPERNIT005951	TGA	82
ENSPPERNIT005362	TAA	60
ENSPPERNIT005346	TGA	229
ENSPPERNIT001134	TAA	1
ENSPPERNIT004777	TAG	2
ENSPPERNIT004597	TGA	61
ENSPPERNIT003762	TAA	147
ENSPPERNIT003653	TGA	225
ENSPPERNIT003680	TGA	225
ENSPPERNIT004590	TAA	135
ENSPPERNIT003498	TGA	2
ENSPPERNIT003539	TAA	2
ENSPPERNIT002520	TGA	1
ENSPPERNIT002544	TGA	251
ENSPPERNIT002532	TAG	1
ENSPPERNIT006963	TGA	9
ENSPPERNIT006956	TAG	102
ENSPPERNIT002387	TAA	1
ENSPPERNIT002384	TAA	2
ENSPPERNIT002371	TAA	140
ENSPPERNIT002367	TGA	423
ENSPPERNIT002374	TGA	78
ENSPPERNIT006305	TAA	28
ENSPPERNIT003907	TAG	102
ENSPPERNIT000940	TAG	2
ENSPPERNIT000952	TAA	1
ENSPPERNIT000885	TGA	480
ENSPPERNIT000915	TAA	51
ENSPPERNIT000906	TGA	619
ENSPPERNIT000910	TGA	1
ENSPPERNIT000890	TGA	40
ENSPPERNIT006260	TAA	2
ENSPPERNIT006271	TAG	530
ENSPPERNIT004988	TAA	80
ENSPPERNIT004979	TAG	94
ENSPPERNIT004994	TGA	3
ENSPPERNIT004992	TGA	2
ENSPPERNIT002995	TAA	133
ENSPPERNIT001707	TGA	73
ENSPPERNIT001801	TGA	34
ENSPPERNIT001838	TAG	34
ENSPPERNIT001723	TAA	3
ENSPPERNIT001675	TGA	1
ENSPPERNIT006513	TAA	2
ENSPPERNIT006552	TAG	282
ENSPPERNIT006577	TAG	270
ENSPPERNIT005894	TAG	49
ENSPPERNIT005901	TAA	1
ENSPPERNIT001463	TGA	2
ENSPPERNIT001436	TGA	48
ENSPPERNIT001441	TAA	362
ENSPPERNIT001432	TAA	19
ENSPPERNIT001448	TGA	70
ENSPPERNIT001428	TAA	114
ENSPPERNIT007278	TGA	76
ENSPPERNIT007272	TGA	68
ENSPPERNIT007270	TGA	57
ENSPPERNIT005642	TGA	1
ENSPPERNIT006134	TGA	2
ENSPPERNIT007580	TAG	308
ENSPPERNIT003326	TAA	2
ENSPPERNIT003322	TAG	85
ENSPPERNIT000725	TAA	91
ENSPPERNIT000349	TAA	114
ENSPPERNIT000366	TAA	315
ENSPPERNIT000359	TAA	165
ENSPPERNIT003545	TAG	2
ENSPPERNIT003554	TAA	543
ENSPPERNIT004939	TGA	2
ENSPPERNIT004748	TAA	12
ENSPPERNIT005378	TAA	1
ENSPPERNIT005372	TAA	169
ENSPPERNIT005387	TAA	1
ENSPPERNIT005370	TAG	34
ENSPPERNIT001903	TAA	1
ENSPPERNIT006751	TGA	2
ENSPPERNIT006971	TGA	2
ENSPPERNIT006998	TGA	1
ENSPPERNIT002610	TGA	57
ENSPPERNIT006754	TGA	179
ENSPPERNIT002392	TAA	2
ENSPPERNIT002388	TAA	43
ENSPPERNIT002406	TAA	82
ENSPPERNIT001970	TAA	30
ENSPPERNIT001990	TAA	30
ENSPPERNIT001923	TGA	36
ENSPPERNIT001925	TGA	604
ENSPPERNIT003663	TGA	2
ENSPPERNIT004369	TAA	81
ENSPPERNIT004383	TAA	292
ENSPPERNIT004367	TAA	86
ENSPPERNIT007508	TAA	9
ENSPPERNIT003654	TGA	1
ENSPPERNIT003650	TAA	1
ENSPPERNIT003652	TAA	184
ENSPPERNIT003658	TGA	182
ENSPPERNIT003923	TAG	15
ENSPPERNIT003927	TAA	349
ENSPPERNIT003913	TAG	92
ENSPPERNIT000925	TAA	2
ENSPPERNIT000945	TAA	709
ENSPPERNIT000933	TAG	358
ENSPPERNIT007078	TAA	129
ENSPPERNIT006242	TAA	573
ENSPPERNIT006273	TAA	6
ENSPPERNIT006378	TAA	6
ENSPPERNIT006414	TAA	6
ENSPPERNIT006318	TGA	6
ENSPPERNIT002823	TAA	14
ENSPPERNIT002861	TAA	67
ENSPPERNIT006245	TGA	2
ENSPPERNIT006243	TAA	220
ENSPPERNIT006247	TAG	44
ENSPPERNIT005009	TGA	98
ENSPPERNIT005019	TGA	2
ENSPPERNIT005014	TGA	2
ENSPPERNIT005007	TAG	2
ENSPPERNIT000103	TAA	2
ENSPPERNIT005333	TAG	1108
ENSPPERNIT005364	TAG	2
ENSPPERNIT005300	TGA	2
ENSPPERNIT005303	TAA	3
ENSPPERNIT001715	TGA	156
ENSPPERNIT005308	TAA	86
ENSPPERNIT004634	TAG	135
ENSPPERNIT006545	TAG	20
ENSPPERNIT006543	TAA	5
ENSPPERNIT006542	TAA	55
ENSPPERNIT006533	TAG	1
ENSPPERNIT006537	TAA	14
ENSPPERNIT006528	TAG	2
ENSPPERNIT002106	TGA	54
ENSPPERNIT001377	TGA	55
ENSPPERNIT006661	TGA	84
ENSPPERNIT006665	TAG	1
ENSPPERNIT003059	TGA	2
ENSPPERNIT002698	TGA	2
ENSPPERNIT002727	TAA	223
ENSPPERNIT001124	TAA	82
ENSPPERNIT007389	TAG	24
ENSPPERNIT007383	TGA	1
ENSPPERNIT003233	TGA	109
ENSPPERNIT003167	TGA	55
ENSPPERNIT003189	TGA	490
ENSPPERNIT007384	TGA	6
ENSPPERNIT003188	TAG	2
ENSPPERNIT007128	TAA	2
ENSPPERNIT007130	TGA	55
ENSPPERNIT007138	TAA	189
ENSPPERNIT003236	TGA	1
ENSPPERNIT007203	TGA	1
ENSPPERNIT005800	TGA	60
ENSPPERNIT001614	TGA	755
ENSPPERNIT001627	TAG	6
ENSPPERNIT001616	TAG	6
ENSPPERNIT006090	TGA	27
ENSPPERNIT001625	TGA	2
ENSPPERNIT007783	TGA	39
ENSPPERNIT000754	TGA	156
ENSPPERNIT000775	TGA	184
ENSPPERNIT006506	TAA	29
ENSPPERNIT005474	TAA	1000
ENSPPERNIT005407	TAA	183
ENSPPERNIT005394	TAA	492
ENSPPERNIT005408	TAG	582
ENSPPERNIT006992	TAG	30
ENSPPERNIT002576	TAA	79
ENSPPERNIT006991	TGA	371
ENSPPERNIT006997	TAA	63
ENSPPERNIT006994	TGA	1000
ENSPPERNIT003613	TGA	6
ENSPPERNIT003621	TGA	2
ENSPPERNIT003958	TAA	2381
ENSPPERNIT003962	TGA	75
ENSPPERNIT003961	TGA	111
ENSPPERNIT000980	TAA	36
ENSPPERNIT000985	TAA	29
ENSPPERNIT001000	TGA	97
ENSPPERNIT005838	TGA	9
ENSPPERNIT005826	TGA	9
ENSPPERNIT005842	TAG	321
ENSPPERNIT005820	TAG	42
ENSPPERNIT000295	TAA	22
ENSPPERNIT000303	TAG	82
ENSPPERNIT000321	TGA	1
ENSPPERNIT005817	TGA	1
ENSPPERNIT000136	TGA	1
ENSPPERNIT001346	TAG	1
ENSPPERNIT001342	TGA	1
ENSPPERNIT001347	TAA	100
ENSPPERNIT001338	TGA	219
ENSPPERNIT001700	TGA	6
ENSPPERNIT001755	TAA	119
ENSPPERNIT001662	TAG	6
ENSPPERNIT001660	TGA	87
ENSPPERNIT004697	TAG	230
ENSPPERNIT004699	TAG	700
ENSPPERNIT004693	TAA	5
ENSPPERNIT004694	TGA	171
ENSPPERNIT006512	TGA	1
ENSPPERNIT006538	TGA	292
ENSPPERNIT006493	TGA	1
ENSPPERNIT006467	TGA	128
ENSPPERNIT006470	TGA	64
ENSPPERNIT006477	TAA	548
ENSPPERNIT006182	TAA	100
ENSPPERNIT002959	TGA	2
ENSPPERNIT001394	TAA	130
ENSPPERNIT002262	TAG	15
ENSPPERNIT005439	TAA	45
ENSPPERNIT005435	TGA	551
ENSPPERNIT005455	TGA	2
ENSPPERNIT002445	TAA	50
ENSPPERNIT002335	TAA	502
ENSPPERNIT002519	TAG	46
ENSPPERNIT002510	TAA	269
ENSPPERNIT002517	TGA	2
ENSPPERNIT003222	TAG	236
ENSPPERNIT003184	TAA	2
ENSPPERNIT003194	TAA	74
ENSPPERNIT005309	TAG	417
ENSPPERNIT003242	TGA	2
ENSPPERNIT004232	TGA	322
ENSPPERNIT004228	TAA	10
ENSPPERNIT000530	TGA	59
ENSPPERNIT007547	TGA	1
ENSPPERNIT007755	TAA	1
ENSPPERNIT000689	TAA	2
ENSPPERNIT000683	TAA	171
ENSPPERNIT005339	TAA	54
ENSPPERNIT002012	TGA	10
ENSPPERNIT005321	TGA	423
ENSPPERNIT003455	TAG	46
ENSPPERNIT003460	TAG	2
ENSPPERNIT003461	TAA	2
ENSPPERNIT006727	TGA	154
ENSPPERNIT006721	TGA	349
ENSPPERNIT006829	TAG	411
ENSPPERNIT006953	TAG	273
ENSPPERNIT006783	TGA	163
ENSPPERNIT006723	TAG	1
ENSPPERNIT006715	TAA	10
ENSPPERNIT004604	TAA	2
ENSPPERNIT006411	TAA	69
ENSPPERNIT006173	TGA	2
ENSPPERNIT002939	TAA	11
ENSPPERNIT002926	TAA	96
ENSPPERNIT002949	TAG	111
ENSPPERNIT003004	TAA	11
ENSPPERNIT002988	TGA	78
ENSPPERNIT007746	TAG	6
ENSPPERNIT003704	TGA	2
ENSPPERNIT003771	TGA	319
ENSPPERNIT003975	TGA	76
ENSPPERNIT003959	TAA	1
ENSPPERNIT003965	TAA	36
ENSPPERNIT003964	TGA	2
ENSPPERNIT003984	TGA	282
ENSPPERNIT003970	TAA	202
ENSPPERNIT002730	TGA	63
ENSPPERNIT006887	TAA	2
ENSPPERNIT006886	TAA	86
ENSPPERNIT002736	TAA	1
ENSPPERNIT002747	TAA	241
ENSPPERNIT000969	TAG	132
ENSPPERNIT001056	TGA	1
ENSPPERNIT007012	TAA	69
ENSPPERNIT002264	TAA	410
ENSPPERNIT002215	TGA	214
ENSPPERNIT002218	TGA	111
ENSPPERNIT002263	TAA	322
ENSPPERNIT001413	TGA	2
ENSPPERNIT002243	TAA	63
ENSPPERNIT001406	TAA	12
ENSPPERNIT002560	TGA	67
ENSPPERNIT000162	TAA	259
ENSPPERNIT003008	TAA	10
ENSPPERNIT005791	TGA	1
ENSPPERNIT005801	TAA	102
ENSPPERNIT005794	TGA	2
ENSPPERNIT005792	TGA	2
ENSPPERNIT001629	TAG	8
ENSPPERNIT002556	TGA	2
ENSPPERNIT001622	TAG	72
ENSPPERNIT004677	TGA	2
ENSPPERNIT004674	TGA	1
ENSPPERNIT004669	TAA	2
ENSPPERNIT004672	TGA	102
ENSPPERNIT006490	TAA	9
ENSPPERNIT006492	TAA	2
ENSPPERNIT004675	TAA	1
ENSPPERNIT007425	TAG	9
ENSPPERNIT005468	TAA	14
ENSPPERNIT005462	TGA	130
ENSPPERNIT002479	TAA	7
ENSPPERNIT002485	TAG	71
ENSPPERNIT006352	TAG	1
ENSPPERNIT006348	TGA	48
ENSPPERNIT006342	TAG	2
ENSPPERNIT006343	TAA	1
ENSPPERNIT006341	TAG	2
ENSPPERNIT002466	TAA	69
ENSPPERNIT005666	TAG	2
ENSPPERNIT005680	TAA	42
ENSPPERNIT003142	TAG	72
ENSPPERNIT003140	TAG	52
ENSPPERNIT003137	TAA	2
ENSPPERNIT007417	TAA	252
ENSPPERNIT000498	TAA	47
ENSPPERNIT000494	TAA	242
ENSPPERNIT007419	TAG	378
ENSPPERNIT000699	TAG	135
ENSPPERNIT000741	TAA	2
ENSPPERNIT000742	TGA	219
ENSPPERNIT000753	TAG	2
ENSPPERNIT003434	TGA	2
ENSPPERNIT004949	TGA	2
ENSPPERNIT001538	TGA	2
ENSPPERNIT001537	TAA	33
ENSPPERNIT001551	TAG	131
ENSPPERNIT001548	TGA	83
ENSPPERNIT002969	TAG	11
ENSPPERNIT006189	TAG	43
ENSPPERNIT006680	TGA	26
ENSPPERNIT002973	TGA	2
ENSPPERNIT004287	TAA	410
ENSPPERNIT004277	TAG	34
ENSPPERNIT007578	TAA	2
ENSPPERNIT004281	TAA	2
ENSPPERNIT004290	TGA	91
ENSPPERNIT007083	TAA	73
ENSPPERNIT006871	TAG	11
ENSPPERNIT006615	TAG	26
ENSPPERNIT007177	TGA	2
ENSPPERNIT002788	TAA	187
ENSPPERNIT002778	TGA	1000
ENSPPERNIT000178	TAA	208
ENSPPERNIT000171	TAA	1
ENSPPERNIT002786	TGA	2
ENSPPERNIT005242	TAA	1
ENSPPERNIT001602	TAA	2
ENSPPERNIT001613	TGA	1
ENSPPERNIT001593	TAA	2
ENSPPERNIT001601	TAA	2
ENSPPERNIT001689	TGA	96
ENSPPERNIT002127	TGA	33
ENSPPERNIT005487	TAA	46
ENSPPERNIT005483	TAA	201
ENSPPERNIT005480	TAA	528
ENSPPERNIT005482	TGA	32
ENSPPERNIT002155	TGA	44
ENSPPERNIT003064	TGA	2
ENSPPERNIT002713	TAA	202
ENSPPERNIT002469	TAA	1
ENSPPERNIT002884	TGA	223
ENSPPERNIT002498	TAA	136
ENSPPERNIT002540	TGA	541
ENSPPERNIT002454	TGA	165
ENSPPERNIT002453	TGA	112
ENSPPERNIT002509	TAA	21
ENSPPERNIT007186	TAG	337
ENSPPERNIT003027	TAA	20
ENSPPERNIT007395	TAG	46
ENSPPERNIT003154	TAG	2
ENSPPERNIT003186	TAA	37
ENSPPERNIT006030	TAA	741
ENSPPERNIT006123	TAG	50
ENSPPERNIT005814	TGA	1
ENSPPERNIT004054	TAA	59
ENSPPERNIT007803	TGA	2
ENSPPERNIT007802	TAA	18
ENSPPERNIT000496	TAA	104
ENSPPERNIT000479	TAA	560
ENSPPERNIT001292	TGA	2
ENSPPERNIT000484	TAA	1
ENSPPERNIT001330	TAA	256
ENSPPERNIT001303	TAG	959
ENSPPERNIT001572	TGA	2
ENSPPERNIT000456	TAA	3
ENSPPERNIT000443	TAA	93
ENSPPERNIT003406	TAG	45
ENSPPERNIT004837	TGA	38
ENSPPERNIT004853	TAA	2
ENSPPERNIT004850	TAA	193
ENSPPERNIT005768	TGA	2
ENSPPERNIT005778	TGA	2
ENSPPERNIT005780	TGA	19
ENSPPERNIT001524	TGA	219
ENSPPERNIT001528	TGA	2
ENSPPERNIT001521	TAG	1
ENSPPERNIT001834	TAG	90
ENSPPERNIT001842	TGA	93
ENSPPERNIT001947	TAG	228
ENSPPERNIT001893	TGA	66
ENSPPERNIT001904	TAA	2
ENSPPERNIT001832	TAG	2
ENSPPERNIT001846	TAG	2
ENSPPERNIT001813	TAG	391
ENSPPERNIT001812	TAG	2
ENSPPERNIT002957	TGA	9
ENSPPERNIT005869	TAG	12
ENSPPERNIT004259	TGA	335
ENSPPERNIT004257	TGA	75
ENSPPERNIT004252	TGA	186
ENSPPERNIT004251	TAA	131
ENSPPERNIT004250	TAA	2
ENSPPERNIT004242	TGA	1
ENSPPERNIT006863	TAG	2
ENSPPERNIT006868	TAG	13
ENSPPERNIT006915	TGA	1
ENSPPERNIT006884	TAA	10
ENSPPERNIT001120	TAG	46
ENSPPERNIT001107	TAA	46
ENSPPERNIT001121	TAG	2
ENSPPERNIT000197	TAG	2
ENSPPERNIT000189	TAG	5
ENSPPERNIT000195	TAA	1
ENSPPERNIT004719	TAA	90
ENSPPERNIT004722	TAA	402
ENSPPERNIT006678	TGA	11
ENSPPERNIT006209	TAA	12
ENSPPERNIT006205	TAG	572
ENSPPERNIT005208	TAA	2
ENSPPERNIT005206	TGA	1
ENSPPERNIT001328	TAA	94
ENSPPERNIT001331	TAA	297
ENSPPERNIT001317	TGA	2
ENSPPERNIT001327	TAA	2
ENSPPERNIT002435	TGA	102
ENSPPERNIT005512	TAA	31
ENSPPERNIT001462	TAG	2
ENSPPERNIT001468	TAA	2
ENSPPERNIT001459	TAA	1
ENSPPERNIT005535	TAA	2
ENSPPERNIT005531	TGA	2
ENSPPERNIT005558	TAA	2
ENSPPERNIT005572	TGA	2
ENSPPERNIT001465	TAG	86
ENSPPERNIT007047	TAA	4
ENSPPERNIT006055	TGA	1
ENSPPERNIT006044	TGA	61
ENSPPERNIT006049	TAA	49
ENSPPERNIT006039	TAG	81
ENSPPERNIT006041	TAA	107
ENSPPERNIT006065	TAG	33
ENSPPERNIT003852	TAG	202
ENSPPERNIT003865	TGA	2
ENSPPERNIT006312	TAA	3
ENSPPERNIT002076	TGA	54
ENSPPERNIT002107	TAA	51
ENSPPERNIT002097	TAA	2
ENSPPERNIT007172	TGA	10
ENSPPERNIT007160	TAG	53
ENSPPERNIT007164	TGA	1
ENSPPERNIT000459	TAA	2
ENSPPERNIT000453	TAA	466
ENSPPERNIT000444	TAG	2
ENSPPERNIT000437	TGA	440
ENSPPERNIT007582	TAG	8
ENSPPERNIT004796	TAA	1
ENSPPERNIT004793	TAG	75
ENSPPERNIT003422	TAA	77
ENSPPERNIT003381	TGA	3
ENSPPERNIT003379	TGA	67
ENSPPERNIT003376	TGA	291
ENSPPERNIT004976	TGA	37
ENSPPERNIT005755	TAG	28
ENSPPERNIT001507	TGA	84
ENSPPERNIT004341	TAA	78
ENSPPERNIT006931	TAG	156
ENSPPERNIT006827	TAA	2
ENSPPERNIT006844	TGA	60
ENSPPERNIT002746	TGA	57
ENSPPERNIT007182	TGA	2
ENSPPERNIT007180	TGA	160
ENSPPERNIT003591	TAG	1
ENSPPERNIT003594	TAA	1
ENSPPERNIT003593	TAG	2
ENSPPERNIT003597	TAA	2
ENSPPERNIT000225	TAG	12
ENSPPERNIT000231	TGA	186
ENSPPERNIT000224	TAA	2
ENSPPERNIT002205	TGA	12
ENSPPERNIT001419	TGA	24
ENSPPERNIT002209	TAA	2
ENSPPERNIT006959	TGA	1
ENSPPERNIT001255	TGA	2
ENSPPERNIT001277	TGA	2
ENSPPERNIT006444	TGA	7
ENSPPERNIT006446	TAA	1
ENSPPERNIT006438	TGA	135
ENSPPERNIT002422	TAA	1
ENSPPERNIT002415	TAA	1
ENSPPERNIT002868	TGA	134
ENSPPERNIT006457	TAA	90
ENSPPERNIT006449	TAA	81
ENSPPERNIT005566	TGA	348
ENSPPERNIT005528	TAA	36
ENSPPERNIT005586	TGA	90
ENSPPERNIT005547	TAA	65
ENSPPERNIT005631	TGA	176
ENSPPERNIT006079	TGA	149
ENSPPERNIT006089	TAG	2
ENSPPERNIT006071	TAG	23
ENSPPERNIT002089	TAA	9
ENSPPERNIT002088	TAA	117
ENSPPERNIT002079	TGA	51
ENSPPERNIT003998	TAG	48
ENSPPERNIT003993	TAA	1
ENSPPERNIT007239	TGA	1
ENSPPERNIT007271	TGA	2
ENSPPERNIT007260	TAA	1
ENSPPERNIT007510	TAA	4
ENSPPERNIT005090	TAG	113
ENSPPERNIT005087	TAG	161
ENSPPERNIT007745	TAG	2
ENSPPERNIT007748	TAG	64
ENSPPERNIT007747	TAG	40
ENSPPERNIT000779	TAA	20
ENSPPERNIT007741	TAA	1
ENSPPERNIT000838	TAG	1
ENSPPERNIT001325	TAA	167
ENSPPERNIT000020	TAA	7
ENSPPERNIT000025	TAG	102
ENSPPERNIT000072	TAA	9
ENSPPERNIT005752	TAA	160
ENSPPERNIT005737	TGA	2
ENSPPERNIT005731	TAG	2
ENSPPERNIT005739	TGA	149
ENSPPERNIT005730	TGA	110
ENSPPERNIT001881	TAA	1
ENSPPERNIT004908	TAA	1
ENSPPERNIT001482	TAG	207
ENSPPERNIT004910	TGA	84
ENSPPERNIT001491	TAA	2
ENSPPERNIT001897	TGA	101
ENSPPERNIT003094	TGA	261
ENSPPERNIT003091	TAA	117
ENSPPERNIT006802	TAA	154
ENSPPERNIT006838	TAA	2
ENSPPERNIT006801	TGA	707
ENSPPERNIT002803	TAG	35
ENSPPERNIT004308	TAA	71
ENSPPERNIT004307	TAA	921
ENSPPERNIT004303	TAG	84
ENSPPERNIT004309	TAA	13
ENSPPERNIT007679	TAA	14
ENSPPERNIT007680	TAG	14
ENSPPERNIT003869	TAA	1
ENSPPERNIT002784	TAA	2
ENSPPERNIT003345	TGA	2
ENSPPERNIT003364	TAG	24
ENSPPERNIT003357	TGA	6
ENSPPERNIT005135	TAG	1
ENSPPERNIT005143	TAG	2
ENSPPERNIT005131	TGA	72
ENSPPERNIT005263	TAA	42
ENSPPERNIT005258	TAA	36
ENSPPERNIT005128	TAG	1
ENSPPERNIT003033	TAA	149
ENSPPERNIT006255	TAA	76
ENSPPERNIT006258	TGA	41
ENSPPERNIT007414	TAA	1
ENSPPERNIT002038	TGA	217
ENSPPERNIT002048	TAG	201
ENSPPERNIT002041	TGA	1
ENSPPERNIT002051	TAA	29
ENSPPERNIT004490	TGA	32
ENSPPERNIT007464	TAG	24
ENSPPERNIT003803	TAA	2
ENSPPERNIT003799	TAA	145
ENSPPERNIT007471	TGA	2
ENSPPERNIT003207	TGA	1
ENSPPERNIT006106	TGA	58
ENSPPERNIT006100	TAG	2
ENSPPERNIT006092	TAA	36
ENSPPERNIT006094	TGA	8
ENSPPERNIT002153	TGA	7
ENSPPERNIT002157	TAA	91
ENSPPERNIT002154	TGA	2
ENSPPERNIT002150	TAA	2
ENSPPERNIT002139	TGA	91
ENSPPERNIT004021	TAG	4
ENSPPERNIT001592	TAA	155
ENSPPERNIT004022	TGA	18
ENSPPERNIT007210	TGA	3
ENSPPERNIT007212	TGA	225
ENSPPERNIT006107	TGA	39
ENSPPERNIT005204	TGA	125
ENSPPERNIT001281	TAA	196
ENSPPERNIT006905	TGA	2
ENSPPERNIT000075	TGA	2
ENSPPERNIT000085	TAA	1
ENSPPERNIT000001	TAA	2
ENSPPERNIT000005	TGA	339
ENSPPERNIT000003	TAG	2
ENSPPERNIT005709	TAA	96
ENSPPERNIT005724	TAA	349
ENSPPERNIT005654	TGA	730
ENSPPERNIT005656	TGA	43
ENSPPERNIT006907	TGA	69
ENSPPERNIT001467	TAA	2
ENSPPERNIT004940	TGA	165
ENSPPERNIT001915	TAA	2
ENSPPERNIT004957	TAA	200
ENSPPERNIT001898	TGA	824
ENSPPERNIT001905	TAA	15
ENSPPERNIT004941	TGA	446
ENSPPERNIT001161	TAG	1
ENSPPERNIT002771	TAG	30
ENSPPERNIT006792	TAA	2
ENSPPERNIT006773	TGA	5
ENSPPERNIT006774	TAA	77
ENSPPERNIT006781	TGA	163
ENSPPERNIT002688	TAA	6
ENSPPERNIT007628	TAA	80
ENSPPERNIT003088	TAG	407
ENSPPERNIT003057	TAG	1
ENSPPERNIT002672	TAA	173
ENSPPERNIT002652	TGA	99
ENSPPERNIT004220	TGA	148
ENSPPERNIT004231	TGA	774
ENSPPERNIT002830	TGA	48
ENSPPERNIT001380	TGA	1
ENSPPERNIT002846	TAA	510
ENSPPERNIT002881	TAG	1
ENSPPERNIT007651	TGA	744
ENSPPERNIT007652	TGA	14
ENSPPERNIT000261	TAA	1
ENSPPERNIT000254	TGA	36
ENSPPERNIT002827	TGA	69
ENSPPERNIT002958	TGA	287
ENSPPERNIT002952	TAG	75
ENSPPERNIT006200	TAG	1
ENSPPERNIT002964	TGA	2
ENSPPERNIT006199	TAA	55
ENSPPERNIT006210	TGA	1
ENSPPERNIT001388	TAA	58
ENSPPERNIT005111	TGA	68
ENSPPERNIT005107	TGA	53
ENSPPERNIT005123	TAA	181
ENSPPERNIT005116	TAA	2
ENSPPERNIT000309	TAG	2
ENSPPERNIT006319	TAG	36
ENSPPERNIT002780	TAA	147
ENSPPERNIT001036	TAA	202
ENSPPERNIT000284	TGA	14
ENSPPERNIT001754	TGA	24
ENSPPERNIT001696	TAG	59
ENSPPERNIT007394	TAA	525
ENSPPERNIT007396	TGA	304
ENSPPERNIT003798	TAA	4
ENSPPERNIT003784	TAA	2
ENSPPERNIT003155	TAG	2
ENSPPERNIT006161	TGA	85
ENSPPERNIT006119	TAG	79
ENSPPERNIT006127	TAA	1
ENSPPERNIT006027	TAG	34
ENSPPERNIT006115	TAA	48
ENSPPERNIT006038	TAA	34
ENSPPERNIT006070	TGA	34
ENSPPERNIT006024	TAG	465
ENSPPERNIT004295	TAA	48
ENSPPERNIT004294	TAA	48
ENSPPERNIT007602	TAA	441
ENSPPERNIT007591	TAA	525
ENSPPERNIT007599	TAG	370
ENSPPERNIT007570	TGA	525
ENSPPERNIT007028	TAA	4
ENSPPERNIT007025	TAA	210
ENSPPERNIT007026	TAA	34
ENSPPERNIT007027	TGA	2
ENSPPERNIT007030	TGA	171
ENSPPERNIT004775	TAG	652
ENSPPERNIT005342	TAA	148
ENSPPERNIT000067	TAA	2
ENSPPERNIT000053	TAA	32
ENSPPERNIT005643	TAA	2
ENSPPERNIT005687	TGA	1
ENSPPERNIT005700	TAG	1
ENSPPERNIT005629	TGA	2
ENSPPERNIT004860	TGA	11
ENSPPERNIT004855	TAA	42
ENSPPERNIT004857	TAA	1
ENSPPERNIT003037	TAA	61
ENSPPERNIT003038	TGA	2090
ENSPPERNIT003023	TAG	2
ENSPPERNIT000052	TAA	1
ENSPPERNIT003025	TGA	201
ENSPPERNIT002689	TGA	48
ENSPPERNIT002670	TGA	2
ENSPPERNIT002690	TAA	75
ENSPPERNIT002683	TAG	1
ENSPPERNIT002687	TAA	72
ENSPPERNIT000841	TGA	84
ENSPPERNIT004656	TAA	130
ENSPPERNIT005938	TAA	2
ENSPPERNIT004665	TGA	124
ENSPPERNIT007095	TAA	1
ENSPPERNIT007800	TGA	258
ENSPPERNIT004219	TGA	103
ENSPPERNIT004109	TGA	2
ENSPPERNIT004042	TGA	2
ENSPPERNIT004280	TAG	91
ENSPPERNIT001041	TAA	2
ENSPPERNIT006943	TGA	82
